Week,Rainfall_mm,Temperature_C,Market_Day,School_Open,Disease_Alert,Last_Week_Demand,Market_Demand,Month,Year
1,98.0,21.6,yes,yes,Presence,Medium,Medium,January,2025
2,24.0,26.1,no,yes,Presence,Low,Low,January,2025
3,107.0,21.4,no,yes,Absence,Medium,Medium,January,2025
4,38.0,21.2,yes,yes,Presence,Medium,Medium,January,2025
5,87.0,20.2,yes,yes,Absence,Medium,Medium,February,2025
6,95.0,21.3,yes,yes,Presence,Medium,Medium,February,2025
7,77.0,26.5,no,yes,Absence,Medium,Medium,February,2025
8,115.0,18.3,yes,yes,Absence,Medium,Medium,February,2025
9,67.0,19.4,no,no,Absence,Medium,Medium,March,2025
10,91.0,22.2,yes,no,Absence,High,High,March,2025
11,43.0,19.1,no,no,Presence,Medium,Medium,March,2025
12,63.0,23.4,yes,no,Absence,Medium,Medium,March,2025
13,199.0,25.0,yes,yes,Absence,Medium,High,April,2025
14,180.0,24.0,yes,yes,Presence,High,High,April,2025
15,160.0,23.0,yes,yes,Absence,High,High,April,2025
16,140.0,22.0,yes,yes,Absence,Medium,High,April,2025
17,120.0,21.0,yes,yes,Presence,High,Medium,May,2025
18,100.0,20.0,yes,yes,Absence,Medium,Medium,May,2025
19,80.0,19.0,yes,yes,Absence,Medium,Medium,May,2025
20,60.0,18.0,yes,yes,Presence,Medium,Medium,May,2025
21,40.0,17.0,yes,yes,Absence,Medium,Low,June,2025
22,20.0,16.0,yes,yes,Presence,Low,Low,June,2025
23,10.0,15.0,yes,yes,Absence,Low,Low,June,2025
24,5.0,14.0,yes,yes,Absence,Low,Low,June,2025
25,2.4,22.0,yes,no,Absence,Low,Medium,July,2025
26,2.5,22.0,yes,no,Absence,Medium,Medium,July,2025
27,2.6,22.0,yes,yes,Absence,Medium,Medium,July,2025
28,2.4,22.0,yes,yes,Absence,Medium,Medium,July,2025
29,0.0,24.0,yes,yes,Absence,Medium,Medium,August,2025
30,0.0,24.0,yes,yes,Absence,Medium,Medium,August,2025
31,0.0,24.0,yes,yes,Absence,Medium,Medium,August,2025
32,0.0,24.0,yes,yes,Absence,Medium,Medium,August,2025
33,4.0,27.0,yes,yes,Absence,Medium,Medium,September,2025
34,4.0,27.0,yes,yes,Absence,Medium,Medium,September,2025
35,4.0,27.0,yes,yes,Absence,Medium,Medium,September,2025
36,4.0,27.0,yes,yes,Absence,Medium,Medium,September,2025
37,180.0,24.0,yes,yes,Absence,Medium,Medium,January,2024
38,190.0,23.0,yes,yes,Presence,Medium,High,January,2024
39,170.0,25.0,no,yes,Absence,High,Medium,January,2024
40,160.0,24.0,yes,yes,Absence,Medium,Medium,January,2024
41,175.0,24.0,yes,yes,Absence,Medium,Medium,February,2024
42,165.0,25.0,yes,yes,Presence,Medium,High,February,2024
43,180.0,24.0,yes,no,Absence,High,Medium,February,2024
44,170.0,23.0,no,yes,Absence,Medium,Medium,February,2024
45,185.0,24.0,yes,yes,Presence,Medium,High,March,2024
46,175.0,25.0,yes,yes,Absence,High,Medium,March,2024
47,160.0,24.0,yes,yes,Absence,Medium,Medium,March,2024
48,170.0,23.0,no,yes,Absence,Medium,Medium,March,2024
49,210.0,22.0,yes,no,Absence,Medium,Medium,April,2024
50,180.0,23.0,yes,yes,Presence,Medium,High,April,2024
51,200.0,21.0,yes,yes,Absence,High,Medium,April,2024
52,190.0,22.0,no,yes,Absence,Medium,Medium,April,2024
53,220.0,21.0,yes,yes,Presence,Medium,High,May,2024
54,210.0,22.0,yes,yes,Absence,High,Medium,May,2024
55,230.0,21.0,no,no,Absence,Medium,Medium,May,2024
56,200.0,22.0,yes,yes,Absence,Medium,Medium,May,2024
57,150.0,22.0,yes,yes,Presence,Medium,High,June,2024
58,140.0,21.0,yes,yes,Absence,High,Medium,June,2024
59,130.0,20.0,no,yes,Absence,Medium,Medium,June,2024
60,120.0,21.0,yes,yes,Absence,Medium,Medium,June,2024
61,50.0,22.0,yes,yes,Absence,Medium,Medium,July,2024
62,30.0,23.0,yes,yes,Presence,Medium,High,July,2024
63,40.0,21.0,yes,yes,Absence,High,Medium,July,2024
64,35.0,22.0,no,yes,Absence,Medium,Medium,July,2024
65,25.0,22.0,yes,yes,Presence,Medium,High,August,2024
66,40.0,23.0,yes,yes,Absence,High,Medium,August,2024
67,20.0,21.0,yes,yes,Absence,Medium,Medium,August,2024
68,30.0,22.0,no,yes,Absence,Medium,Medium,August,2024
69,20.0,22.0,yes,yes,Presence,Medium,High,September,2024
70,25.0,23.0,yes,yes,Absence,High,Medium,September,2024
71,15.0,21.0,no,yes,Absence,Medium,Medium,September,2024
72,30.0,22.0,yes,yes,Absence,Medium,Medium,September,2024
73,60.0,22.0,yes,yes,Absence,Medium,Medium,October,2024
74,80.0,23.0,yes,yes,Presence,Medium,High,October,2024
75,70.0,22.0,yes,yes,Absence,High,Medium,October,2024
76,90.0,23.0,no,yes,Absence,Medium,Medium,October,2024
77,100.0,22.0,yes,yes,Presence,Medium,High,November,2024
78,120.0,23.0,yes,yes,Absence,High,Medium,November,2024
79,110.0,21.0,yes,yes,Absence,Medium,Medium,November,2024
80,130.0,22.0,no,yes,Absence,Medium,Medium,November,2024
81,140.0,23.0,yes,no,Presence,Medium,High,December,2024
82,150.0,24.0,yes,no,Absence,High,Medium,December,2024
83,130.0,22.0,yes,no,Presence,Medium,Medium,December,2024
84,120.0,23.0,no,no,Absence,Medium,Medium,December,2024
85,40.0,24.0,yes,yes,Absence,Medium,Medium,January,2023
86,50.0,25.0,yes,yes,Presence,Medium,High,January,2023
87,60.0,24.0,yes,yes,Absence,High,Medium,January,2023
88,55.0,23.0,no,yes,Absence,Medium,Medium,January,2023
89,70.0,23.0,yes,yes,Presence,Medium,High,February,2023
90,75.0,24.0,yes,yes,Absence,High,Medium,February,2023
91,80.0,24.0,yes,yes,Absence,Medium,Medium,February,2023
92,85.0,23.0,no,yes,Presence,Medium,High,February,2023
93,90.0,23.0,yes,yes,Absence,High,Medium,March,2023
94,95.0,24.0,yes,yes,Absence,Medium,Medium,March,2023
95,100.0,23.0,yes,yes,Presence,Medium,High,March,2023
96,105.0,24.0,no,yes,Absence,High,Medium,March,2023
97,110.0,23.0,yes,yes,Absence,Medium,Medium,March,2023
98,120.0,22.0,yes,no,Presence,High,Medium,April,2023
99,130.0,23.0,no,no,Presence,Medium,Medium,April,2023
100,140.0,22.0,yes,no,Absence,Medium,Medium,April,2023
101,20.0,24.0,yes,yes,Absence,Medium,Medium,May,2023
102,15.0,23.0,yes,yes,Presence,Medium,Medium,May,2023
103,10.0,22.0,no,yes,Absence,Low,Medium,May,2023
104,25.0,23.0,yes,yes,Presence,Medium,Medium,May,2023
105,30.0,24.0,yes,yes,Absence,Medium,Medium,June,2023
106,35.0,23.0,yes,yes,Presence,Medium,High,June,2023
107,40.0,22.0,no,yes,Absence,High,Medium,June,2023
108,25.0,23.0,yes,yes,Presence,Medium,Medium,June,2023
109,15.0,22.0,yes,yes,Absence,Medium,Medium,July,2023
110,20.0,23.0,yes,yes,Presence,Medium,High,July,2023
111,18.0,24.0,no,yes,Absence,High,Medium,July,2023
112,22.0,23.0,yes,yes,Presence,Medium,Medium,July,2023
113,15.0,23.0,yes,yes,Absence,Medium,Medium,August,2023
114,10.0,22.0,yes,yes,Presence,Medium,Medium,August,2023
115,5.0,22.0,no,yes,Absence,Low,Medium,August,2023
116,20.0,23.0,yes,yes,Presence,Medium,Medium,August,2023
117,25.0,24.0,yes,yes,Absence,Medium,Medium,September,2023
118,15.0,23.0,yes,yes,Presence,Medium,Medium,September,2023
119,10.0,22.0,no,yes,Absence,Medium,Medium,September,2023
120,20.0,23.0,yes,yes,Presence,Medium,Medium,September,2023
121,35.0,24.0,yes,yes,Absence,Medium,Medium,October,2023
122,40.0,23.0,yes,yes,Presence,Medium,Medium,October,2023
123,50.0,24.0,no,yes,Absence,High,Medium,October,2023
124,45.0,23.0,yes,yes,Presence,Medium,Medium,October,2023
125,60.0,23.0,yes,yes,Absence,Medium,Medium,November,2023
126,65.0,24.0,yes,yes,Presence,Medium,High,November,2023
127,70.0,23.0,no,yes,Absence,High,Medium,November,2023
128,55.0,22.0,yes,yes,Presence,Medium,Medium,November,2023
129,90.0,23.0,yes,no,Absence,Medium,Medium,December,2023
130,95.0,24.0,yes,no,Presence,Medium,Medium,December,2023
131,100.0,23.0,no,no,Absence,High,Medium,December,2023
132,85.0,22.0,yes,no,Presence,Medium,Medium,December,2023
133,140.0,23.0,yes,yes,Presence,Medium,Medium,January,2022
134,120.0,24.0,yes,yes,Absence,Medium,High,January,2022
135,130.0,24.0,no,yes,Absence,High,Medium,January,2022
136,110.0,25.0,yes,yes,Absence,Medium,High,January,2022
137,100.0,24.0,yes,yes,Absence,High,High,February,2022
138,90.0,24.0,yes,yes,Absence,High,High,February,2022
139,110.0,23.0,no,yes,Presence,High,Medium,February,2022
140,95.0,24.0,yes,yes,Absence,Medium,High,February,2022
141,85.0,23.0,yes,yes,Absence,High,High,March,2022
142,100.0,23.0,yes,yes,Presence,High,Medium,March,2022
143,120.0,22.0,no,yes,Presence,Medium,Medium,March,2022
144,110.0,23.0,yes,yes,Absence,Medium,High,March,2022
145,130.0,22.0,yes,no,Presence,Medium,Medium,April,2022
146,120.0,22.0,yes,no,Absence,Medium,High,April,2022
147,110.0,21.0,no,no,Presence,High,Medium,April,2022
148,100.0,22.0,yes,no,Absence,Medium,High,April,2022
149,90.0,22.0,yes,yes,Absence,High,High,May,2022
150,70.0,23.0,yes,yes,Presence,High,Medium,May,2022
151,60.0,23.0,no,yes,Absence,Medium,High,May,2022
152,55.0,22.0,yes,yes,Absence,High,High,May,2022
153,40.0,22.0,yes,yes,Absence,High,High,June,2022
154,30.0,21.0,yes,yes,Absence,High,High,June,2022
155,25.0,21.0,no,yes,Presence,High,Medium,June,2022
156,20.0,20.0,yes,yes,Absence,Medium,High,June,2022
157,18.0,20.0,yes,yes,Absence,High,High,July,2022
158,22.0,21.0,yes,yes,Presence,High,Medium,July,2022
159,15.0,20.0,no,yes,Absence,Medium,High,July,2022
160,12.0,19.0,yes,yes,Absence,High,High,July,2022
161,20.0,22.0,yes,yes,Absence,Medium,Medium,August,2022
162,15.0,21.0,yes,yes,Presence,Medium,Medium,August,2022
163,10.0,21.0,no,yes,Absence,Medium,High,August,2022
164,18.0,22.0,yes,yes,Presence,High,Medium,August,2022
165,25.0,23.0,yes,yes,Absence,Medium,Medium,September,2022
166,12.0,22.0,yes,yes,Absence,Medium,High,September,2022
167,14.0,22.0,no,yes,Presence,High,High,September,2022
168,20.0,23.0,yes,yes,Absence,High,Medium,September,2022
169,40.0,24.0,yes,yes,Presence,Medium,Medium,October,2022
170,55.0,24.0,yes,yes,Presence,Medium,High,October,2022
171,60.0,23.0,no,yes,Absence,High,Medium,October,2022
172,50.0,24.0,yes,yes,Presence,Medium,Medium,October,2022
173,70.0,23.0,yes,yes,Presence,Medium,High,November,2022
174,80.0,24.0,yes,yes,Absence,High,High,November,2022
175,65.0,23.0,no,yes,Presence,High,Medium,November,2022
176,75.0,23.0,yes,yes,Absence,Medium,Medium,November,2022
177,90.0,24.0,yes,no,Presence,Medium,High,December,2022
178,100.0,25.0,yes,no,Presence,High,High,December,2022
179,110.0,24.0,no,no,Absence,High,Medium,December,2022
180,95.0,23.0,yes,no,Presence,Medium,Medium,December,2022
181,130.0,23.0,yes,yes,Presence,Medium,Medium,January,2021
182,140.0,22.0,yes,yes,Presence,Medium,Medium,January,2021
183,150.0,21.0,no,yes,Presence,Medium,High,January,2021
184,135.0,22.0,yes,yes,Absence,High,Medium,January,2021
185,160.0,22.0,yes,yes,Presence,Medium,Medium,February,2021
186,170.0,22.0,yes,yes,Presence,Medium,Medium,February,2021
187,155.0,21.0,no,yes,Presence,Medium,High,February,2021
188,160.0,22.0,yes,yes,Absence,High,Medium,February,2021
189,140.0,23.0,yes,yes,Absence,High,Medium,March,2021
190,130.0,23.0,yes,yes,Presence,Medium,Medium,March,2021
191,135.0,22.0,no,yes,Presence,Medium,High,March,2021
192,125.0,22.0,yes,yes,Absence,High,Medium,March,2021
193,120.0,23.0,yes,no,Presence,Medium,Medium,April,2021
194,110.0,23.0,no,no,Presence,Medium,High,April,2021
195,100.0,24.0,yes,no,Absence,High,Medium,April,2021
196,115.0,24.0,yes,no,Absence,Medium,Medium,April,2021
197,90.0,24.0,yes,yes,Absence,Medium,High,May,2021
198,80.0,24.0,yes,yes,Presence,High,Medium,May,2021
199,85.0,23.0,no,yes,Absence,Medium,Medium,May,2021
200,75.0,23.0,yes,yes,Absence,Medium,Medium,May,2021
201,40.0,24.0,yes,yes,Absence,Medium,High,June,2021
202,35.0,25.0,yes,yes,Absence,High,Medium,June,2021
203,30.0,24.0,no,yes,Absence,Medium,Medium,June,2021
204,45.0,23.0,yes,yes,Presence,Medium,Medium,June,2021
205,20.0,25.0,yes,yes,Absence,Medium,High,July,2021
206,18.0,25.0,yes,yes,Absence,High,High,July,2021
207,15.0,24.0,no,yes,Absence,High,Medium,July,2021
208,22.0,24.0,yes,yes,Presence,Medium,Medium,July,2021
209,15.0,24.0,yes,yes,Absence,Medium,High,August,2021
210,10.0,24.0,yes,yes,Absence,High,High,August,2021
211,5.0,23.0,no,yes,Absence,High,High,August,2021
212,12.0,24.0,yes,yes,Absence,High,Medium,August,2021
213,25.0,24.0,yes,yes,Absence,Medium,Medium,September,2021
214,20.0,23.0,yes,yes,Absence,Medium,High,September,2021
215,18.0,23.0,no,yes,Absence,High,Medium,September,2021
216,22.0,24.0,yes,yes,Absence,Medium,Medium,September,2021
217,45.0,24.0,yes,yes,Presence,Medium,Medium,October,2021
218,55.0,24.0,yes,yes,Presence,Medium,High,October,2021
219,60.0,24.0,no,yes,Presence,High,Medium,October,2021
220,50.0,23.0,yes,yes,Presence,Medium,Medium,October,2021
221,70.0,23.0,yes,yes,Presence,Medium,High,November,2021
222,80.0,24.0,yes,yes,Presence,High,High,November,2021
223,75.0,23.0,no,yes,Presence,High,Medium,November,2021
224,65.0,23.0,yes,yes,Absence,Medium,Medium,November,2021
225,90.0,24.0,yes,no,Presence,Medium,High,December,2021
226,100.0,25.0,yes,no,Presence,High,High,December,2021
227,110.0,24.0,no,no,Absence,High,Medium,December,2021
228,95.0,23.0,yes,no,Presence,Medium,Medium,December,2021
229,120.0,22.0,Yes,Yes,Presence,Medium,Medium,January,2020
230,110.0,23.0,Yes,Yes,Absence,Medium,Medium,January,2020
231,100.0,22.0,Yes,Yes,Presence,Medium,Medium,January,2020
232,90.0,23.0,Yes,Yes,Absence,Medium,Medium,January,2020
233,80.0,24.0,Yes,Yes,Presence,Medium,Medium,February,2020
234,70.0,23.0,Yes,Yes,Absence,Medium,Medium,February,2020
235,60.0,24.0,Yes,Yes,Presence,Medium,Medium,February,2020
236,50.0,23.0,Yes,Yes,Absence,Medium,Medium,February,2020
237,40.0,23.0,Yes,Yes,Presence,Medium,Medium,March,2020
238,30.0,22.0,Yes,Yes,Absence,Medium,Medium,March,2020
239,20.0,22.0,Yes,Yes,Presence,Medium,Medium,March,2020
240,10.0,23.0,Yes,Yes,Absence,Medium,Medium,March,2020
241,50.0,21.0,Yes,No,Presence,Medium,Medium,April,2020
242,60.0,21.0,Yes,No,Absence,Medium,Medium,April,2020
243,55.0,22.0,Yes,No,Presence,Medium,Medium,April,2020
244,65.0,21.0,Yes,No,Absence,Medium,Medium,April,2020
245,30.0,22.0,Yes,Yes,Presence,Medium,High,May,2020
246,25.0,23.0,Yes,Yes,Absence,Medium,High,May,2020
247,20.0,22.0,Yes,Yes,Presence,Medium,High,May,2020
248,15.0,23.0,Yes,Yes,Absence,Medium,High,May,2020
249,10.0,22.0,Yes,Yes,Presence,Medium,High,June,2020
250,5.0,23.0,Yes,Yes,Absence,Medium,High,June,2020
251,8.0,22.0,Yes,Yes,Presence,Medium,High,June,2020
252,12.0,22.0,Yes,Yes,Absence,Medium,High,June,2020
253,50.0,20.0,Yes,Yes,Presence,Medium,Medium,July,2020
254,55.0,21.0,Yes,Yes,Absence,Medium,Medium,July,2020
255,60.0,20.0,Yes,Yes,Presence,Medium,Medium,July,2020
256,65.0,21.0,Yes,Yes,Absence,Medium,Medium,July,2020
257,80.0,20.0,Yes,Yes,Presence,Medium,Medium,August,2020
258,85.0,21.0,Yes,Yes,Absence,Medium,Medium,August,2020
259,90.0,20.0,Yes,Yes,Presence,Medium,Medium,August,2020
260,95.0,21.0,Yes,Yes,Absence,Medium,Medium,August,2020
261,100.0,22.0,Yes,Yes,Presence,Medium,Medium,September,2020
262,105.0,22.0,Yes,Yes,Absence,Medium,Medium,September,2020
263,110.0,23.0,Yes,Yes,Presence,Medium,Medium,September,2020
264,115.0,22.0,Yes,Yes,Absence,Medium,Medium,September,2020
265,120.0,22.0,Yes,Yes,Presence,Medium,Medium,October,2020
266,125.0,23.0,Yes,Yes,Absence,Medium,Medium,October,2020
267,130.0,22.0,Yes,Yes,Presence,Medium,Medium,October,2020
268,135.0,23.0,Yes,Yes,Absence,Medium,Medium,October,2020
269,140.0,22.0,Yes,Yes,Presence,Medium,Medium,November,2020
270,145.0,23.0,Yes,Yes,Absence,Medium,Medium,November,2020
271,150.0,22.0,Yes,Yes,Presence,Medium,Medium,November,2020
272,155.0,23.0,Yes,Yes,Absence,Medium,Medium,November,2020
273,160.0,22.0,Yes,Yes,Presence,Medium,Medium,December,2020
274,165.0,22.0,Yes,Yes,Absence,Medium,Medium,December,2020
275,170.0,22.0,Yes,No,Presence,Medium,Medium,December,2020
276,175.0,22.0,Yes,No,Absence,Medium,Medium,December,2020
277,130.0,23.0,Yes,Yes,Presence,Medium,Medium,January,2019
278,125.0,24.0,Yes,Yes,Absence,Medium,Medium,January,2019
279,140.0,23.0,Yes,Yes,Presence,Medium,Medium,January,2019
280,135.0,22.0,Yes,Yes,Absence,Medium,Medium,January,2019
281,120.0,23.0,Yes,Yes,Presence,Medium,Medium,February,2019
282,115.0,22.0,Yes,Yes,Absence,Medium,Medium,February,2019
283,125.0,23.0,Yes,Yes,Presence,Medium,Medium,February,2019
284,130.0,22.0,Yes,Yes,Absence,Medium,Medium,February,2019
285,140.0,23.0,Yes,Yes,Presence,Medium,Medium,March,2019
286,135.0,22.0,Yes,Yes,Absence,Medium,Medium,March,2019
287,125.0,23.0,Yes,Yes,Presence,Medium,Medium,March,2019
288,120.0,22.0,Yes,Yes,Absence,Medium,Medium,March,2019
289,110.0,22.0,Yes,No,Presence,Medium,Medium,April,2019
290,115.0,21.0,Yes,No,Absence,Medium,Medium,April,2019
291,120.0,22.0,Yes,No,Presence,Medium,Medium,April,2019
292,125.0,21.0,Yes,No,Absence,Medium,Medium,April,2019
293,40.0,24.0,Yes,Yes,Presence,Medium,High,May,2019
294,35.0,25.0,Yes,Yes,Absence,Medium,High,May,2019
295,30.0,24.0,Yes,Yes,Presence,Medium,High,May,2019
296,25.0,23.0,Yes,Yes,Absence,Medium,High,May,2019
297,20.0,23.0,Yes,Yes,Presence,Medium,High,June,2019
298,15.0,24.0,Yes,Yes,Absence,Medium,High,June,2019
299,25.0,23.0,Yes,Yes,Presence,Medium,High,June,2019
300,30.0,24.0,Yes,Yes,Absence,Medium,High,June,2019
301,50.0,22.0,Yes,Yes,Presence,Medium,Medium,July,2019
302,55.0,23.0,Yes,Yes,Absence,Medium,Medium,July,2019
303,60.0,22.0,Yes,Yes,Presence,Medium,Medium,July,2019
304,65.0,23.0,Yes,Yes,Absence,Medium,Medium,July,2019
305,70.0,23.0,Yes,Yes,Presence,Medium,Medium,August,2019
306,75.0,22.0,Yes,Yes,Absence,Medium,Medium,August,2019
307,80.0,23.0,Yes,Yes,Presence,Medium,Medium,August,2019
308,85.0,22.0,Yes,Yes,Absence,Medium,Medium,August,2019
309,90.0,22.0,Yes,Yes,Presence,Medium,Medium,September,2019
310,95.0,23.0,Yes,Yes,Absence,Medium,Medium,September,2019
311,100.0,22.0,Yes,Yes,Presence,Medium,Medium,September,2019
312,105.0,23.0,Yes,Yes,Absence,Medium,Medium,September,2019
313,70.0,23.0,Yes,Yes,Presence,Medium,Medium,October,2019
314,65.0,24.0,Yes,Yes,Absence,Medium,Medium,October,2019
315,60.0,23.0,Yes,Yes,Presence,Medium,Medium,October,2019
316,55.0,24.0,Yes,Yes,Absence,Medium,Medium,October,2019
317,100.0,22.0,Yes,Yes,Presence,Medium,Medium,November,2019
318,105.0,23.0,Yes,Yes,Absence,Medium,Medium,November,2019
319,110.0,22.0,Yes,Yes,Presence,Medium,Medium,November,2019
320,115.0,23.0,Yes,Yes,Absence,Medium,Medium,November,2019
321,120.0,22.0,Yes,Yes,Presence,Medium,Medium,December,2019
322,125.0,22.0,Yes,Yes,Absence,Medium,Medium,December,2019
323,130.0,22.0,Yes,No,Presence,Medium,Medium,December,2019
324,135.0,22.0,Yes,No,Absence,Medium,Medium,December,2019
325,135.0,23.0,Yes,Yes,Presence,Medium,Medium,January,2018
326,140.0,24.0,Yes,Yes,Absence,Medium,Medium,January,2018
327,130.0,23.0,Yes,Yes,Presence,Medium,Medium,January,2018
328,125.0,22.0,Yes,Yes,Absence,Medium,Medium,January,2018
329,120.0,23.0,Yes,Yes,Presence,Medium,Medium,February,2018
330,115.0,22.0,Yes,Yes,Absence,Medium,Medium,February,2018
331,125.0,23.0,Yes,Yes,Presence,Medium,Medium,February,2018
332,130.0,22.0,Yes,Yes,Absence,Medium,Medium,February,2018
333,140.0,23.0,Yes,Yes,Presence,Medium,Medium,March,2018
334,135.0,22.0,Yes,Yes,Absence,Medium,Medium,March,2018
335,125.0,23.0,Yes,Yes,Presence,Medium,Medium,March,2018
336,120.0,22.0,Yes,Yes,Absence,Medium,Medium,March,2018
337,110.0,22.0,Yes,No,Presence,Medium,Medium,April,2018
338,115.0,21.0,Yes,No,Absence,Medium,Medium,April,2018
339,120.0,22.0,Yes,No,Presence,Medium,Medium,April,2018
340,125.0,21.0,Yes,No,Absence,Medium,Medium,April,2018
341,40.0,24.0,Yes,Yes,Presence,Medium,High,May,2018
342,35.0,25.0,Yes,Yes,Absence,Medium,High,May,2018
343,30.0,24.0,Yes,Yes,Presence,Medium,High,May,2018
344,25.0,23.0,Yes,Yes,Absence,Medium,High,May,2018
345,20.0,23.0,Yes,Yes,Presence,Medium,High,June,2018
346,15.0,24.0,Yes,Yes,Absence,Medium,High,June,2018
347,25.0,23.0,Yes,Yes,Presence,Medium,High,June,2018
348,30.0,24.0,Yes,Yes,Absence,Medium,High,June,2018
349,50.0,22.0,Yes,Yes,Presence,Medium,Medium,July,2018
350,55.0,23.0,Yes,Yes,Absence,Medium,Medium,July,2018
351,60.0,22.0,Yes,Yes,Presence,Medium,Medium,July,2018
352,65.0,23.0,Yes,Yes,Absence,Medium,Medium,July,2018
353,70.0,23.0,Yes,Yes,Presence,Medium,Medium,August,2018
354,75.0,22.0,Yes,Yes,Absence,Medium,Medium,August,2018
355,80.0,23.0,Yes,Yes,Presence,Medium,Medium,August,2018
356,85.0,22.0,Yes,Yes,Absence,Medium,Medium,August,2018
357,90.0,22.0,Yes,Yes,Presence,Medium,Medium,September,2018
358,95.0,23.0,Yes,Yes,Absence,Medium,Medium,September,2018
359,100.0,22.0,Yes,Yes,Presence,Medium,Medium,September,2018
360,105.0,23.0,Yes,Yes,Absence,Medium,Medium,September,2018
361,70.0,23.0,Yes,Yes,Presence,Medium,Medium,October,2018
362,65.0,24.0,Yes,Yes,Absence,Medium,Medium,October,2018
363,60.0,23.0,Yes,Yes,Presence,Medium,Medium,October,2018
364,55.0,24.0,Yes,Yes,Absence,Medium,Medium,October,2018
365,100.0,22.0,Yes,Yes,Presence,Medium,Medium,November,2018
366,105.0,23.0,Yes,Yes,Absence,Medium,Medium,November,2018
367,110.0,22.0,Yes,Yes,Presence,Medium,Medium,November,2018
368,115.0,23.0,Yes,Yes,Absence,Medium,Medium,November,2018
369,120.0,22.0,Yes,Yes,Presence,Medium,Medium,December,2018
370,125.0,22.0,Yes,Yes,Absence,Medium,Medium,December,2018
371,130.0,22.0,Yes,No,Presence,Medium,Medium,December,2018
372,135.0,22.0,Yes,No,Absence,Medium,Medium,December,2018
373,130.0,23.0,Yes,Yes,Presence,Medium,Medium,January,2017
374,135.0,24.0,Yes,Yes,Absence,Medium,Medium,January,2017
375,125.0,23.0,Yes,Yes,Presence,Medium,Medium,January,2017
376,120.0,22.0,Yes,Yes,Absence,Medium,Medium,January,2017
377,120.0,23.0,Yes,Yes,Presence,Medium,Medium,February,2017
378,115.0,22.0,Yes,Yes,Absence,Medium,Medium,February,2017
379,125.0,23.0,Yes,Yes,Presence,Medium,Medium,February,2017
380,130.0,22.0,Yes,Yes,Absence,Medium,Medium,February,2017
381,135.0,23.0,Yes,Yes,Presence,Medium,Medium,March,2017
382,130.0,22.0,Yes,Yes,Absence,Medium,Medium,March,2017
383,125.0,23.0,Yes,Yes,Presence,Medium,Medium,March,2017
384,120.0,22.0,Yes,Yes,Absence,Medium,Medium,March,2017
385,110.0,22.0,Yes,No,Presence,Medium,Medium,April,2017
386,115.0,21.0,Yes,No,Absence,Medium,Medium,April,2017
387,120.0,22.0,Yes,No,Presence,Medium,Medium,April,2017
388,125.0,21.0,Yes,No,Absence,Medium,Medium,April,2017
389,40.0,24.0,Yes,Yes,Presence,Medium,High,May,2017
390,35.0,25.0,Yes,Yes,Absence,Medium,High,May,2017
391,30.0,24.0,Yes,Yes,Presence,Medium,High,May,2017
392,25.0,23.0,Yes,Yes,Absence,Medium,High,May,2017
393,20.0,23.0,Yes,Yes,Presence,Medium,High,June,2017
394,15.0,24.0,Yes,Yes,Absence,Medium,High,June,2017
395,25.0,23.0,Yes,Yes,Presence,Medium,High,June,2017
396,30.0,24.0,Yes,Yes,Absence,Medium,High,June,2017
397,50.0,22.0,Yes,Yes,Presence,Medium,Medium,July,2017
398,55.0,23.0,Yes,Yes,Absence,Medium,Medium,July,2017
399,60.0,22.0,Yes,Yes,Presence,Medium,Medium,July,2017
400,65.0,23.0,Yes,Yes,Absence,Medium,Medium,July,2017
401,70.0,23.0,Yes,Yes,Presence,Medium,Medium,August,2017
402,75.0,22.0,Yes,Yes,Absence,Medium,Medium,August,2017
403,80.0,23.0,Yes,Yes,Presence,Medium,Medium,August,2017
404,85.0,22.0,Yes,Yes,Absence,Medium,Medium,August,2017
405,90.0,22.0,Yes,Yes,Presence,Medium,Medium,September,2017
406,95.0,23.0,Yes,Yes,Absence,Medium,Medium,September,2017
407,100.0,22.0,Yes,Yes,Presence,Medium,Medium,September,2017
408,105.0,23.0,Yes,Yes,Absence,Medium,Medium,September,2017
409,70.0,23.0,Yes,Yes,Presence,Medium,Medium,October,2017
410,65.0,24.0,Yes,Yes,Absence,Medium,Medium,October,2017
411,60.0,23.0,Yes,Yes,Presence,Medium,Medium,October,2017
412,55.0,24.0,Yes,Yes,Absence,Medium,Medium,October,2017
413,100.0,22.0,Yes,Yes,Presence,Medium,Medium,November,2017
414,105.0,23.0,Yes,Yes,Absence,Medium,Medium,November,2017
415,110.0,22.0,Yes,Yes,Presence,Medium,Medium,November,2017
416,115.0,23.0,Yes,Yes,Absence,Medium,Medium,November,2017
417,120.0,22.0,Yes,Yes,Presence,Medium,Medium,December,2017
418,125.0,22.0,Yes,Yes,Absence,Medium,Medium,December,2017
419,130.0,22.0,Yes,No,Presence,Medium,Medium,December,2017
420,135.0,22.0,Yes,No,Absence,Medium,Medium,December,2017
421,130.0,23.0,Yes,Yes,Presence,Medium,Medium,January,2016
422,135.0,24.0,Yes,Yes,Absence,Medium,Medium,January,2016
423,125.0,23.0,Yes,Yes,Presence,Medium,Medium,January,2016
424,120.0,22.0,Yes,Yes,Absence,Medium,Medium,January,2016
425,120.0,23.0,Yes,Yes,Presence,Medium,Medium,February,2016
426,115.0,22.0,Yes,Yes,Absence,Medium,Medium,February,2016
427,125.0,23.0,Yes,Yes,Presence,Medium,Medium,February,2016
428,130.0,22.0,Yes,Yes,Absence,Medium,Medium,February,2016
429,135.0,23.0,Yes,Yes,Presence,Medium,Medium,March,2016
430,130.0,22.0,Yes,Yes,Absence,Medium,Medium,March,2016
431,125.0,23.0,Yes,Yes,Presence,Medium,Medium,March,2016
432,120.0,22.0,Yes,Yes,Absence,Medium,Medium,March,2016
433,110.0,22.0,Yes,No,Presence,Medium,Medium,April,2016
434,115.0,21.0,Yes,No,Absence,Medium,Medium,April,2016
435,120.0,22.0,Yes,No,Presence,Medium,Medium,April,2016
436,125.0,21.0,Yes,No,Absence,Medium,Medium,April,2016
437,40.0,24.0,Yes,Yes,Presence,Medium,High,May,2016
438,35.0,25.0,Yes,Yes,Absence,Medium,High,May,2016
439,30.0,24.0,Yes,Yes,Presence,Medium,High,May,2016
440,25.0,23.0,Yes,Yes,Absence,Medium,High,May,2016
441,20.0,23.0,Yes,Yes,Presence,Medium,High,June,2016
442,15.0,24.0,Yes,Yes,Absence,Medium,High,June,2016
443,25.0,23.0,Yes,Yes,Presence,Medium,High,June,2016
444,30.0,24.0,Yes,Yes,Absence,Medium,High,June,2016
445,50.0,22.0,Yes,Yes,Presence,Medium,Medium,July,2016
446,55.0,23.0,Yes,Yes,Absence,Medium,Medium,July,2016
447,60.0,22.0,Yes,Yes,Presence,Medium,Medium,July,2016
448,65.0,23.0,Yes,Yes,Absence,Medium,Medium,July,2016
449,70.0,23.0,Yes,Yes,Presence,Medium,Medium,August,2016
450,75.0,22.0,Yes,Yes,Absence,Medium,Medium,August,2016
451,80.0,23.0,Yes,Yes,Presence,Medium,Medium,August,2016
452,85.0,22.0,Yes,Yes,Absence,Medium,Medium,August,2016
453,90.0,22.0,Yes,Yes,Presence,Medium,Medium,September,2016
454,95.0,23.0,Yes,Yes,Absence,Medium,Medium,September,2016
455,100.0,22.0,Yes,Yes,Presence,Medium,Medium,September,2016
456,105.0,23.0,Yes,Yes,Absence,Medium,Medium,September,2016
457,70.0,23.0,Yes,Yes,Presence,Medium,Medium,October,2016
458,65.0,24.0,Yes,Yes,Absence,Medium,Medium,October,2016
459,60.0,23.0,Yes,Yes,Presence,Medium,Medium,October,2016
460,55.0,24.0,Yes,Yes,Absence,Medium,Medium,October,2016
461,100.0,22.0,Yes,Yes,Presence,Medium,Medium,November,2016
462,105.0,23.0,Yes,Yes,Absence,Medium,Medium,November,2016
463,110.0,22.0,Yes,Yes,Presence,Medium,Medium,November,2016
464,115.0,23.0,Yes,Yes,Absence,Medium,Medium,November,2016
465,120.0,22.0,Yes,Yes,Presence,Medium,Medium,December,2016
466,125.0,22.0,Yes,Yes,Absence,Medium,Medium,December,2016
467,130.0,22.0,Yes,No,Presence,Medium,Medium,December,2016
468,135.0,22.0,Yes,No,Absence,Medium,Medium,December,2016
469,45.0,24.0,Yes,Yes,Absence,Medium,Medium,January,2015
470,50.0,25.0,Yes,Yes,Presence,Medium,Medium,January,2015
471,48.0,24.0,Yes,Yes,Absence,Medium,Medium,January,2015
472,52.0,24.0,Yes,Yes,Presence,Medium,Medium,January,2015
473,55.0,24.0,Yes,Yes,Absence,Medium,Medium,February,2015
474,60.0,25.0,Yes,Yes,Presence,Medium,Medium,February,2015
475,58.0,24.0,Yes,Yes,Absence,Medium,Medium,February,2015
476,62.0,24.0,Yes,Yes,Presence,Medium,Medium,February,2015
477,70.0,23.0,Yes,Yes,Absence,Medium,Medium,March,2015
478,65.0,23.0,Yes,Yes,Presence,Medium,Medium,March,2015
479,68.0,23.0,Yes,Yes,Absence,Medium,Medium,March,2015
480,66.0,24.0,Yes,Yes,Presence,Medium,Medium,March,2015
481,110.0,22.0,Yes,No,Presence,Medium,Medium,April,2015
482,115.0,22.0,Yes,No,Absence,Medium,Medium,April,2015
483,120.0,22.0,Yes,No,Presence,Medium,Medium,April,2015
484,125.0,22.0,Yes,No,Absence,Medium,Medium,April,2015
485,80.0,23.0,Yes,Yes,Presence,Medium,Medium,May,2015
486,85.0,23.0,Yes,Yes,Absence,Medium,Medium,May,2015
487,78.0,24.0,Yes,Yes,Presence,Medium,Medium,May,2015
488,82.0,23.0,Yes,Yes,Absence,Medium,Medium,May,2015
489,60.0,23.0,Yes,Yes,Presence,Medium,Medium,June,2015
490,65.0,24.0,Yes,Yes,Absence,Medium,Medium,June,2015
491,63.0,23.0,Yes,Yes,Presence,Medium,Medium,June,2015
492,68.0,23.0,Yes,Yes,Absence,Medium,Medium,June,2015
493,30.0,25.0,Yes,Yes,Presence,Medium,High,July,2015
494,28.0,25.0,Yes,Yes,Absence,High,High,July,2015
495,32.0,26.0,Yes,Yes,Presence,Medium,High,July,2015
496,35.0,25.0,Yes,Yes,Absence,Medium,High,July,2015
497,20.0,26.0,Yes,Yes,Presence,Medium,High,August,2015
498,18.0,26.0,Yes,Yes,Absence,High,High,August,2015
499,22.0,27.0,Yes,Yes,Presence,Medium,High,August,2015
500,25.0,26.0,Yes,Yes,Absence,Medium,High,August,2015
501,50.0,24.0,Yes,Yes,Presence,Medium,Medium,September,2015
502,55.0,24.0,Yes,Yes,Absence,Medium,Medium,September,2015
503,48.0,25.0,Yes,Yes,Presence,Medium,Medium,September,2015
504,52.0,24.0,Yes,Yes,Absence,Medium,Medium,September,2015
505,40.0,25.0,Yes,Yes,Presence,Medium,Medium,October,2015
506,38.0,25.0,Yes,Yes,Absence,Medium,Medium,October,2015
507,42.0,26.0,Yes,Yes,Presence,Medium,Medium,October,2015
508,45.0,25.0,Yes,Yes,Absence,Medium,Medium,October,2015
509,30.0,26.0,Yes,Yes,Presence,Medium,High,November,2015
510,28.0,26.0,Yes,Yes,Absence,High,High,November,2015
511,32.0,27.0,Yes,Yes,Presence,Medium,High,November,2015
512,35.0,26.0,Yes,Yes,Absence,Medium,High,November,2015
513,20.0,25.0,Yes,No,Presence,Medium,High,December,2015
514,18.0,25.0,Yes,No,Absence,High,High,December,2015
515,22.0,26.0,Yes,No,Presence,Medium,High,December,2015
516,25.0,25.0,Yes,No,Absence,Medium,High,December,2015
517,80.0,22.5,Yes,Yes,Presence,Medium,Medium,January,2014
518,75.0,23.0,Yes,Yes,Absence,Medium,Medium,January,2014
519,85.0,22.0,Yes,Yes,Presence,Medium,Medium,January,2014
520,90.0,22.5,Yes,Yes,Absence,Medium,Medium,January,2014
521,70.0,23.5,Yes,Yes,Presence,Medium,Medium,February,2014
522,65.0,23.0,Yes,Yes,Absence,Medium,Medium,February,2014
523,75.0,24.0,Yes,Yes,Presence,Medium,Medium,February,2014
524,80.0,23.5,Yes,Yes,Absence,Medium,Medium,February,2014
525,50.0,25.0,Yes,Yes,Presence,Medium,Medium,March,2014
526,55.0,25.5,Yes,Yes,Absence,Medium,Medium,March,2014
527,60.0,25.0,Yes,Yes,Presence,Medium,Medium,March,2014
528,65.0,25.5,Yes,Yes,Absence,Medium,Medium,March,2014
529,110.0,21.0,Yes,No,Presence,Medium,Medium,April,2014
530,120.0,21.5,Yes,No,Absence,Medium,Medium,April,2014
531,115.0,21.0,Yes,No,Presence,Medium,Medium,April,2014
532,125.0,21.5,Yes,No,Absence,Medium,Medium,April,2014
533,60.0,24.0,Yes,Yes,Presence,Medium,Medium,May,2014
534,55.0,24.5,Yes,Yes,Absence,Medium,Medium,May,2014
535,65.0,24.0,Yes,Yes,Presence,Medium,Medium,May,2014
536,70.0,24.5,Yes,Yes,Absence,Medium,Medium,May,2014
537,40.0,25.5,Yes,Yes,Presence,Medium,Medium,June,2014
538,35.0,26.0,Yes,Yes,Absence,Medium,Medium,June,2014
539,45.0,25.5,Yes,Yes,Presence,Medium,Medium,June,2014
540,50.0,26.0,Yes,Yes,Absence,Medium,Medium,June,2014
541,20.0,26.0,Yes,Yes,Absence,Medium,High,July,2014
542,25.0,26.5,Yes,Yes,Presence,High,High,July,2014
543,15.0,27.0,Yes,Yes,Absence,Medium,High,July,2014
544,18.0,26.5,Yes,Yes,Presence,High,High,July,2014
545,10.0,27.5,Yes,Yes,Absence,Medium,High,August,2014
546,12.0,28.0,Yes,Yes,Presence,High,High,August,2014
547,15.0,27.5,Yes,Yes,Absence,Medium,High,August,2014
548,8.0,28.0,Yes,Yes,Presence,High,High,August,2014
549,30.0,26.5,Yes,Yes,Absence,Medium,Medium,September,2014
550,28.0,27.0,Yes,Yes,Presence,Medium,Medium,September,2014
551,35.0,26.5,Yes,Yes,Absence,Medium,Medium,September,2014
552,32.0,27.0,Yes,Yes,Presence,Medium,Medium,September,2014
553,50.0,25.5,Yes,Yes,Presence,Medium,Medium,October,2014
554,55.0,25.0,Yes,Yes,Absence,Medium,Medium,October,2014
555,60.0,25.5,Yes,Yes,Presence,Medium,Medium,October,2014
556,65.0,25.0,Yes,Yes,Absence,Medium,Medium,October,2014
557,80.0,24.0,Yes,Yes,Presence,Medium,Medium,November,2014
558,75.0,24.5,Yes,Yes,Absence,Medium,Medium,November,2014
559,85.0,24.0,Yes,Yes,Presence,Medium,Medium,November,2014
560,90.0,24.5,Yes,Yes,Absence,Medium,Medium,November,2014
561,100.0,23.0,Yes,No,Presence,Medium,Medium,December,2014
562,105.0,23.5,Yes,No,Absence,Medium,Medium,December,2014
563,110.0,23.0,Yes,No,Presence,Medium,Medium,December,2014
564,115.0,23.5,Yes,No,Absence,Medium,Medium,December,2014
565,85.0,22.5,Yes,Yes,Presence,Medium,Medium,January,2013
566,90.0,23.0,Yes,Yes,Absence,Medium,Medium,January,2013
567,80.0,22.0,Yes,Yes,Presence,High,Medium,January,2013
568,75.0,23.0,Yes,Yes,Absence,Medium,Medium,January,2013
569,70.0,23.5,Yes,Yes,Presence,Medium,Medium,February,2013
570,65.0,24.0,Yes,Yes,Absence,Medium,Medium,February,2013
571,60.0,23.5,Yes,Yes,Presence,Medium,Medium,February,2013
572,75.0,24.0,Yes,Yes,Absence,High,Medium,February,2013
573,50.0,25.0,Yes,Yes,Presence,Medium,High,March,2013
574,55.0,25.5,Yes,Yes,Absence,High,High,March,2013
575,60.0,25.0,Yes,Yes,Presence,Medium,High,March,2013
576,65.0,25.5,Yes,Yes,Absence,High,High,March,2013
577,90.0,24.0,Yes,No,Presence,Medium,Medium,April,2013
578,85.0,23.5,Yes,No,Absence,Medium,Medium,April,2013
579,95.0,24.0,Yes,No,Presence,High,Medium,April,2013
580,100.0,24.5,Yes,No,Absence,Medium,Medium,April,2013
581,40.0,25.0,Yes,Yes,Presence,Medium,High,May,2013
582,35.0,25.5,Yes,Yes,Absence,High,High,May,2013
583,45.0,25.0,Yes,Yes,Presence,Medium,High,May,2013
584,50.0,25.5,Yes,Yes,Absence,High,High,May,2013
585,20.0,26.0,Yes,Yes,Presence,Medium,High,June,2013
586,25.0,26.5,Yes,Yes,Absence,High,High,June,2013
587,15.0,27.0,Yes,Yes,Presence,Medium,High,June,2013
588,18.0,26.5,Yes,Yes,Absence,High,High,June,2013
589,10.0,27.5,Yes,Yes,Presence,Medium,High,July,2013
590,12.0,28.0,Yes,Yes,Absence,High,High,July,2013
591,15.0,27.5,Yes,Yes,Presence,Medium,High,July,2013
592,8.0,28.0,Yes,Yes,Absence,High,High,July,2013
593,20.0,27.0,Yes,Yes,Presence,Medium,Medium,August,2013
594,18.0,26.5,Yes,Yes,Absence,Medium,Medium,August,2013
595,25.0,27.0,Yes,Yes,Presence,Medium,Medium,August,2013
596,22.0,26.5,Yes,Yes,Absence,Medium,Medium,August,2013
597,30.0,26.0,Yes,Yes,Presence,Medium,Medium,September,2013
598,28.0,26.5,Yes,Yes,Absence,Medium,Medium,September,2013
599,35.0,26.0,Yes,Yes,Presence,Medium,Medium,September,2013
600,32.0,26.5,Yes,Yes,Absence,Medium,Medium,September,2013
601,50.0,25.5,Yes,Yes,Presence,Medium,Medium,October,2013
602,55.0,25.0,Yes,Yes,Absence,Medium,Medium,October,2013
603,60.0,25.5,Yes,Yes,Presence,Medium,Medium,October,2013
604,65.0,25.0,Yes,Yes,Absence,Medium,Medium,October,2013
605,80.0,24.0,Yes,Yes,Presence,Medium,Medium,November,2013
606,75.0,24.5,Yes,Yes,Absence,Medium,Medium,November,2013
607,85.0,24.0,Yes,Yes,Presence,Medium,Medium,November,2013
608,90.0,24.5,Yes,Yes,Absence,Medium,Medium,November,2013
609,100.0,23.0,Yes,No,Presence,Medium,Medium,December,2013
610,105.0,23.5,Yes,No,Absence,Medium,Medium,December,2013
611,110.0,23.0,Yes,No,Presence,Medium,Medium,December,2013
612,115.0,23.5,Yes,No,Absence,Medium,Medium,December,2013
613,85.0,22.5,Yes,Yes,Presence,Medium,Medium,January,2012
614,90.0,23.0,Yes,Yes,Absence,Medium,Medium,January,2012
615,80.0,22.0,Yes,Yes,Presence,High,Medium,January,2012
616,75.0,23.0,Yes,Yes,Absence,Medium,Medium,January,2012
617,70.0,23.5,Yes,Yes,Presence,Medium,Medium,February,2012
618,65.0,24.0,Yes,Yes,Absence,Medium,Medium,February,2012
619,60.0,23.5,Yes,Yes,Presence,Medium,Medium,February,2012
620,75.0,24.0,Yes,Yes,Absence,High,Medium,February,2012
621,50.0,25.0,Yes,Yes,Presence,Medium,High,March,2012
622,55.0,25.5,Yes,Yes,Absence,High,High,March,2012
623,60.0,25.0,Yes,Yes,Presence,Medium,High,March,2012
624,65.0,25.5,Yes,Yes,Absence,High,High,March,2012
625,90.0,24.0,Yes,No,Presence,Medium,Medium,April,2012
626,85.0,23.5,Yes,No,Absence,Medium,Medium,April,2012
627,95.0,24.0,Yes,No,Presence,High,Medium,April,2012
628,100.0,24.5,Yes,No,Absence,Medium,Medium,April,2012
629,40.0,25.0,Yes,Yes,Presence,Medium,High,May,2012
630,35.0,25.5,Yes,Yes,Absence,High,High,May,2012
631,45.0,25.0,Yes,Yes,Presence,Medium,High,May,2012
632,50.0,25.5,Yes,Yes,Absence,High,High,May,2012
633,20.0,26.0,Yes,Yes,Presence,Medium,High,June,2012
634,25.0,26.5,Yes,Yes,Absence,High,High,June,2012
635,15.0,27.0,Yes,Yes,Presence,Medium,High,June,2012
636,18.0,26.5,Yes,Yes,Absence,High,High,June,2012
637,10.0,27.5,Yes,Yes,Presence,Medium,High,July,2012
638,12.0,28.0,Yes,Yes,Absence,High,High,July,2012
639,15.0,27.5,Yes,Yes,Presence,Medium,High,July,2012
640,8.0,28.0,Yes,Yes,Absence,High,High,July,2012
641,20.0,27.0,Yes,Yes,Presence,Medium,Medium,August,2012
642,18.0,26.5,Yes,Yes,Absence,Medium,Medium,August,2012
643,25.0,27.0,Yes,Yes,Presence,Medium,Medium,August,2012
644,22.0,26.5,Yes,Yes,Absence,Medium,Medium,August,2012
645,30.0,26.0,Yes,Yes,Presence,Medium,Medium,September,2012
646,28.0,26.5,Yes,Yes,Absence,Medium,Medium,September,2012
647,35.0,26.0,Yes,Yes,Presence,Medium,Medium,September,2012
648,32.0,26.5,Yes,Yes,Absence,Medium,Medium,September,2012
649,50.0,25.5,Yes,Yes,Presence,Medium,Medium,October,2012
650,55.0,25.0,Yes,Yes,Absence,Medium,Medium,October,2012
651,60.0,25.5,Yes,Yes,Presence,Medium,Medium,October,2012
652,65.0,25.0,Yes,Yes,Absence,Medium,Medium,October,2012
653,80.0,24.0,Yes,Yes,Presence,Medium,Medium,November,2012
654,75.0,24.5,Yes,Yes,Absence,Medium,Medium,November,2012
655,85.0,24.0,Yes,Yes,Presence,Medium,Medium,November,2012
656,90.0,24.5,Yes,Yes,Absence,Medium,Medium,November,2012
657,100.0,23.0,Yes,No,Presence,Medium,Medium,December,2012
658,105.0,23.5,Yes,No,Absence,Medium,Medium,December,2012
659,110.0,23.0,Yes,No,Presence,Medium,Medium,December,2012
660,115.0,23.5,Yes,No,Absence,Medium,Medium,December,2012
661,80.0,22.5,Yes,Yes,Presence,Medium,Medium,January,2011
662,85.0,23.0,Yes,Yes,Absence,Medium,Medium,January,2011
663,75.0,22.0,Yes,Yes,Presence,High,Medium,January,2011
664,70.0,23.0,Yes,Yes,Absence,Medium,Medium,January,2011
665,65.0,23.5,Yes,Yes,Presence,Medium,Medium,February,2011
666,60.0,24.0,Yes,Yes,Absence,Medium,Medium,February,2011
667,55.0,23.5,Yes,Yes,Presence,Medium,Medium,February,2011
668,70.0,24.0,Yes,Yes,Absence,High,Medium,February,2011
669,50.0,25.0,Yes,Yes,Presence,Medium,High,March,2011
670,55.0,25.5,Yes,Yes,Absence,High,High,March,2011
671,60.0,25.0,Yes,Yes,Presence,Medium,High,March,2011
672,65.0,25.5,Yes,Yes,Absence,High,High,March,2011
673,90.0,24.0,Yes,No,Presence,Medium,Medium,April,2011
674,85.0,23.5,Yes,No,Absence,Medium,Medium,April,2011
675,95.0,24.0,Yes,No,Presence,High,Medium,April,2011
676,100.0,24.5,Yes,No,Absence,Medium,Medium,April,2011
677,40.0,25.0,Yes,Yes,Presence,Medium,High,May,2011
678,35.0,25.5,Yes,Yes,Absence,High,High,May,2011
679,45.0,25.0,Yes,Yes,Presence,Medium,High,May,2011
680,50.0,25.5,Yes,Yes,Absence,High,High,May,2011
681,20.0,26.0,Yes,Yes,Presence,Medium,High,June,2011
682,25.0,26.5,Yes,Yes,Absence,High,High,June,2011
683,15.0,27.0,Yes,Yes,Presence,Medium,High,June,2011
684,18.0,26.5,Yes,Yes,Absence,High,High,June,2011
685,10.0,27.5,Yes,Yes,Presence,Medium,High,July,2011
686,12.0,28.0,Yes,Yes,Absence,High,High,July,2011
687,15.0,27.5,Yes,Yes,Presence,Medium,High,July,2011
688,8.0,28.0,Yes,Yes,Absence,High,High,July,2011
689,20.0,27.0,Yes,Yes,Presence,Medium,Medium,August,2011
690,18.0,26.5,Yes,Yes,Absence,Medium,Medium,August,2011
691,25.0,27.0,Yes,Yes,Presence,Medium,Medium,August,2011
692,22.0,26.5,Yes,Yes,Absence,Medium,Medium,August,2011
693,30.0,26.0,Yes,Yes,Presence,Medium,Medium,September,2011
694,28.0,26.5,Yes,Yes,Absence,Medium,Medium,September,2011
695,35.0,26.0,Yes,Yes,Presence,Medium,Medium,September,2011
696,32.0,26.5,Yes,Yes,Absence,Medium,Medium,September,2011
697,50.0,25.5,Yes,Yes,Presence,Medium,Medium,October,2011
698,55.0,25.0,Yes,Yes,Absence,Medium,Medium,October,2011
699,60.0,25.5,Yes,Yes,Presence,Medium,Medium,October,2011
700,65.0,25.0,Yes,Yes,Absence,Medium,Medium,October,2011
701,80.0,24.0,Yes,Yes,Presence,Medium,Medium,November,2011
702,75.0,24.5,Yes,Yes,Absence,Medium,Medium,November,2011
703,85.0,24.0,Yes,Yes,Presence,Medium,Medium,November,2011
704,90.0,24.5,Yes,Yes,Absence,Medium,Medium,November,2011
705,100.0,23.0,Yes,No,Presence,Medium,Medium,December,2011
706,105.0,23.5,Yes,No,Absence,Medium,Medium,December,2011
707,110.0,23.0,Yes,No,Presence,Medium,Medium,December,2011
708,115.0,23.5,Yes,No,Absence,Medium,Medium,December,2011
709,90.0,23.0,Yes,Yes,Presence,Medium,Medium,January,2010
710,85.0,23.5,Yes,Yes,Absence,Medium,Medium,January,2010
711,80.0,24.0,Yes,Yes,Presence,High,Medium,January,2010
712,95.0,23.0,Yes,Yes,Absence,Medium,Medium,January,2010
713,75.0,24.0,Yes,Yes,Presence,Medium,Medium,February,2010
714,70.0,24.5,Yes,Yes,Absence,Medium,Medium,February,2010
715,65.0,24.0,Yes,Yes,Presence,Medium,Medium,February,2010
716,80.0,23.5,Yes,Yes,Absence,High,Medium,February,2010
717,85.0,25.0,Yes,Yes,Presence,Medium,High,March,2010
718,90.0,25.5,Yes,Yes,Absence,High,High,March,2010
719,95.0,25.0,Yes,Yes,Presence,Medium,High,March,2010
720,100.0,25.0,Yes,Yes,Absence,High,High,March,2010
721,110.0,24.0,Yes,No,Presence,Medium,Medium,April,2010
722,105.0,24.5,Yes,No,Absence,Medium,Medium,April,2010
723,115.0,24.0,Yes,No,Presence,High,Medium,April,2010
724,120.0,23.5,Yes,No,Absence,Medium,Medium,April,2010
725,35.0,25.0,Yes,Yes,Presence,Medium,High,May,2010
726,30.0,25.5,Yes,Yes,Absence,High,High,May,2010
727,40.0,25.0,Yes,Yes,Presence,Medium,High,May,2010
728,45.0,25.5,Yes,Yes,Absence,High,High,May,2010
729,20.0,26.0,Yes,Yes,Presence,Medium,High,June,2010
730,25.0,26.5,Yes,Yes,Absence,High,High,June,2010
731,15.0,27.0,Yes,Yes,Presence,Medium,High,June,2010
732,18.0,26.5,Yes,Yes,Absence,High,High,June,2010
733,10.0,27.5,Yes,Yes,Presence,Medium,High,July,2010
734,12.0,28.0,Yes,Yes,Absence,High,High,July,2010
735,15.0,27.5,Yes,Yes,Presence,Medium,High,July,2010
736,8.0,28.0,Yes,Yes,Absence,High,High,July,2010
737,18.0,27.0,Yes,Yes,Presence,Medium,Medium,August,2010
738,20.0,26.5,Yes,Yes,Absence,Medium,Medium,August,2010
739,22.0,27.0,Yes,Yes,Presence,Medium,Medium,August,2010
740,25.0,26.5,Yes,Yes,Absence,Medium,Medium,August,2010
741,30.0,26.0,Yes,Yes,Presence,Medium,Medium,September,2010
742,35.0,26.5,Yes,Yes,Absence,Medium,Medium,September,2010
743,32.0,26.0,Yes,Yes,Presence,Medium,Medium,September,2010
744,28.0,26.5,Yes,Yes,Absence,Medium,Medium,September,2010
745,50.0,25.5,Yes,Yes,Presence,Medium,Medium,October,2010
746,55.0,25.0,Yes,Yes,Absence,Medium,Medium,October,2010
747,60.0,25.5,Yes,Yes,Presence,Medium,Medium,October,2010
748,65.0,25.0,Yes,Yes,Absence,Medium,Medium,October,2010
749,85.0,24.0,Yes,Yes,Presence,Medium,Medium,November,2010
750,80.0,24.5,Yes,Yes,Absence,Medium,Medium,November,2010
751,90.0,24.0,Yes,Yes,Presence,Medium,Medium,November,2010
752,95.0,24.5,Yes,Yes,Absence,Medium,Medium,November,2010
753,110.0,23.0,Yes,No,Presence,Medium,Medium,December,2010
754,105.0,23.5,Yes,No,Absence,Medium,Medium,December,2010
755,115.0,23.0,Yes,No,Presence,Medium,Medium,December,2010
756,120.0,23.5,Yes,No,Absence,Medium,Medium,December,2010
757,95.0,23.0,Yes,Yes,Presence,Medium,Medium,January,2009
758,105.0,22.5,Yes,Yes,Absence,Medium,Medium,January,2009
759,110.0,23.0,Yes,Yes,Presence,Medium,High,January,2009
760,100.0,23.5,Yes,Yes,Absence,High,Medium,January,2009
761,120.0,23.0,Yes,Yes,Presence,Medium,Medium,February,2009
762,115.0,22.5,Yes,Yes,Absence,Medium,Medium,February,2009
763,125.0,22.5,Yes,Yes,Presence,Medium,High,February,2009
764,110.0,23.0,Yes,Yes,Absence,High,Medium,February,2009
765,130.0,22.5,Yes,Yes,Presence,Medium,Medium,March,2009
766,125.0,22.5,Yes,Yes,Absence,Medium,Medium,March,2009
767,120.0,23.0,Yes,Yes,Presence,High,Medium,March,2009
768,115.0,23.0,Yes,Yes,Absence,Medium,Medium,March,2009
769,110.0,22.5,Yes,No,Presence,Medium,Medium,April,2009
770,115.0,22.0,Yes,No,Absence,Medium,Medium,April,2009
771,105.0,22.5,Yes,No,Presence,High,Medium,April,2009
772,100.0,23.0,Yes,No,Absence,Medium,Medium,April,2009
773,40.0,24.5,Yes,Yes,Absence,Medium,High,May,2009
774,30.0,25.0,Yes,Yes,Presence,High,High,May,2009
775,25.0,25.0,Yes,Yes,Absence,Medium,High,May,2009
776,20.0,25.5,Yes,Yes,Absence,High,High,May,2009
777,15.0,26.0,Yes,Yes,Absence,Medium,High,June,2009
778,12.0,26.5,Yes,Yes,Absence,High,High,June,2009
779,10.0,26.5,Yes,Yes,Presence,Medium,High,June,2009
780,8.0,27.0,Yes,Yes,Absence,High,High,June,2009
781,6.0,27.0,Yes,Yes,Absence,Medium,High,July,2009
782,5.0,27.5,Yes,Yes,Absence,High,High,July,2009
783,8.0,27.0,Yes,Yes,Presence,Medium,High,July,2009
784,10.0,26.5,Yes,Yes,Absence,High,High,July,2009
785,12.0,26.0,Yes,Yes,Absence,Medium,Medium,August,2009
786,15.0,26.0,Yes,Yes,Absence,Medium,Medium,August,2009
787,18.0,25.5,Yes,Yes,Presence,Medium,Medium,August,2009
788,20.0,25.0,Yes,Yes,Absence,Medium,Medium,August,2009
789,25.0,25.0,Yes,Yes,Absence,Medium,Medium,September,2009
790,28.0,24.5,Yes,Yes,Absence,Medium,Medium,September,2009
791,30.0,24.5,Yes,Yes,Presence,Medium,Medium,September,2009
792,35.0,24.0,Yes,Yes,Absence,Medium,Medium,September,2009
793,55.0,24.0,Yes,Yes,Presence,Medium,Medium,October,2009
794,60.0,23.5,Yes,Yes,Absence,Medium,Medium,October,2009
795,65.0,23.5,Yes,Yes,Presence,Medium,Medium,October,2009
796,70.0,23.0,Yes,Yes,Absence,Medium,Medium,October,2009
797,90.0,23.0,Yes,Yes,Presence,Medium,Medium,November,2009
798,95.0,22.5,Yes,Yes,Absence,Medium,Medium,November,2009
799,100.0,22.5,Yes,Yes,Presence,Medium,Medium,November,2009
800,105.0,22.0,Yes,Yes,Absence,Medium,Medium,November,2009
801,110.0,22.0,Yes,No,Presence,Medium,Medium,December,2009
802,115.0,21.5,Yes,No,Absence,Medium,Medium,December,2009
803,120.0,21.5,Yes,No,Presence,High,Medium,December,2009
804,125.0,21.0,Yes,No,Absence,Medium,Medium,December,2009
805,95.0,22.5,Yes,Yes,Presence,Medium,Medium,January,2008
806,105.0,22.0,Yes,Yes,Absence,Medium,Medium,January,2008
807,110.0,22.0,Yes,Yes,Presence,High,Medium,January,2008
808,100.0,22.5,Yes,Yes,Absence,Medium,Medium,January,2008
809,120.0,22.0,Yes,Yes,Presence,Medium,Medium,February,2008
810,115.0,21.5,Yes,Yes,Absence,Medium,Medium,February,2008
811,125.0,21.5,Yes,Yes,Presence,Medium,Medium,February,2008
812,110.0,22.0,Yes,Yes,Absence,High,Medium,February,2008
813,130.0,22.0,Yes,Yes,Presence,Medium,Medium,March,2008
814,125.0,21.5,Yes,Yes,Absence,Medium,Medium,March,2008
815,120.0,21.5,Yes,Yes,Presence,Medium,Medium,March,2008
816,115.0,22.0,Yes,Yes,Absence,Medium,Medium,March,2008
817,110.0,21.5,Yes,No,Presence,Medium,Medium,April,2008
818,115.0,21.0,Yes,No,Absence,Medium,Medium,April,2008
819,105.0,21.5,Yes,No,Presence,Medium,Medium,April,2008
820,100.0,22.0,Yes,No,Absence,Medium,Medium,April,2008
821,35.0,23.5,Yes,Yes,Absence,Medium,High,May,2008
822,30.0,24.0,Yes,Yes,Presence,High,High,May,2008
823,25.0,24.5,Yes,Yes,Absence,Medium,High,May,2008
824,20.0,24.5,Yes,Yes,Absence,High,High,May,2008
825,15.0,25.0,Yes,Yes,Absence,Medium,High,June,2008
826,10.0,25.5,Yes,Yes,Absence,High,High,June,2008
827,8.0,26.0,Yes,Yes,Presence,Medium,High,June,2008
828,6.0,26.5,Yes,Yes,Absence,High,High,June,2008
829,5.0,27.0,Yes,Yes,Absence,Medium,High,July,2008
830,6.0,27.0,Yes,Yes,Absence,High,High,July,2008
831,8.0,26.5,Yes,Yes,Presence,Medium,High,July,2008
832,10.0,26.0,Yes,Yes,Absence,High,High,July,2008
833,12.0,26.0,Yes,Yes,Absence,Medium,Medium,August,2008
834,15.0,25.5,Yes,Yes,Absence,Medium,Medium,August,2008
835,18.0,25.5,Yes,Yes,Presence,Medium,Medium,August,2008
836,20.0,25.0,Yes,Yes,Absence,Medium,Medium,August,2008
837,25.0,25.0,Yes,Yes,Absence,Medium,Medium,September,2008
838,28.0,24.5,Yes,Yes,Absence,Medium,Medium,September,2008
839,30.0,24.0,Yes,Yes,Presence,Medium,Medium,September,2008
840,35.0,24.0,Yes,Yes,Absence,Medium,Medium,September,2008
841,55.0,23.5,Yes,Yes,Presence,Medium,Medium,October,2008
842,60.0,23.0,Yes,Yes,Absence,Medium,Medium,October,2008
843,65.0,23.0,Yes,Yes,Presence,Medium,Medium,October,2008
844,70.0,22.5,Yes,Yes,Absence,Medium,Medium,October,2008
845,90.0,22.5,Yes,Yes,Presence,Medium,Medium,November,2008
846,95.0,22.0,Yes,Yes,Absence,Medium,Medium,November,2008
847,100.0,22.0,Yes,Yes,Presence,Medium,Medium,November,2008
848,105.0,21.5,Yes,Yes,Absence,Medium,Medium,November,2008
849,110.0,21.5,Yes,No,Presence,Medium,Medium,December,2008
850,115.0,21.0,Yes,No,Absence,Medium,Medium,December,2008
851,120.0,21.0,Yes,No,Presence,High,Medium,December,2008
852,125.0,20.5,Yes,No,Absence,Medium,Medium,December,2008
853,100.0,22.5,Yes,Yes,Presence,Medium,Medium,January,2007
854,110.0,22.0,Yes,Yes,Absence,Medium,Medium,January,2007
855,115.0,22.0,Yes,Yes,Presence,High,Medium,January,2007
856,105.0,22.5,Yes,Yes,Absence,Medium,Medium,January,2007
857,120.0,22.0,Yes,Yes,Presence,Medium,Medium,February,2007
858,115.0,21.5,Yes,Yes,Absence,Medium,Medium,February,2007
859,125.0,21.5,Yes,Yes,Presence,Medium,Medium,February,2007
860,110.0,22.0,Yes,Yes,Absence,High,Medium,February,2007
861,130.0,22.0,Yes,Yes,Presence,Medium,Medium,March,2007
862,125.0,21.5,Yes,Yes,Absence,Medium,Medium,March,2007
863,120.0,21.5,Yes,Yes,Presence,Medium,Medium,March,2007
864,115.0,22.0,Yes,Yes,Absence,Medium,Medium,March,2007
865,110.0,21.5,Yes,No,Presence,Medium,Medium,April,2007
866,115.0,21.0,Yes,No,Absence,Medium,Medium,April,2007
867,105.0,21.5,Yes,No,Presence,Medium,Medium,April,2007
868,100.0,22.0,Yes,No,Absence,Medium,Medium,April,2007
869,35.0,23.5,Yes,Yes,Absence,Medium,High,May,2007
870,30.0,24.0,Yes,Yes,Presence,High,High,May,2007
871,25.0,24.5,Yes,Yes,Absence,Medium,High,May,2007
872,20.0,24.5,Yes,Yes,Absence,High,High,May,2007
873,15.0,25.0,Yes,Yes,Absence,Medium,High,June,2007
874,10.0,25.5,Yes,Yes,Absence,High,High,June,2007
875,8.0,26.0,Yes,Yes,Presence,Medium,High,June,2007
876,6.0,26.5,Yes,Yes,Absence,High,High,June,2007
877,5.0,27.0,Yes,Yes,Absence,Medium,High,July,2007
878,6.0,27.0,Yes,Yes,Absence,High,High,July,2007
879,8.0,26.5,Yes,Yes,Presence,Medium,High,July,2007
880,10.0,26.0,Yes,Yes,Absence,High,High,July,2007
881,12.0,26.0,Yes,Yes,Absence,Medium,Medium,August,2007
882,15.0,25.5,Yes,Yes,Absence,Medium,Medium,August,2007
883,18.0,25.5,Yes,Yes,Presence,Medium,Medium,August,2007
884,20.0,25.0,Yes,Yes,Absence,Medium,Medium,August,2007
885,25.0,25.0,Yes,Yes,Absence,Medium,Medium,September,2007
886,28.0,24.5,Yes,Yes,Absence,Medium,Medium,September,2007
887,30.0,24.0,Yes,Yes,Presence,Medium,Medium,September,2007
888,35.0,24.0,Yes,Yes,Absence,Medium,Medium,September,2007
889,55.0,23.5,Yes,Yes,Presence,Medium,Medium,October,2007
890,60.0,23.0,Yes,Yes,Absence,Medium,Medium,October,2007
891,65.0,23.0,Yes,Yes,Presence,Medium,Medium,October,2007
892,70.0,22.5,Yes,Yes,Absence,Medium,Medium,October,2007
893,90.0,22.5,Yes,Yes,Presence,Medium,Medium,November,2007
894,95.0,22.0,Yes,Yes,Absence,Medium,Medium,November,2007
895,100.0,22.0,Yes,Yes,Presence,Medium,Medium,November,2007
896,105.0,21.5,Yes,Yes,Absence,Medium,Medium,November,2007
897,110.0,21.5,Yes,No,Presence,Medium,Medium,December,2007
898,115.0,21.0,Yes,No,Absence,Medium,Medium,December,2007
899,120.0,21.0,Yes,No,Presence,High,Medium,December,2007
900,125.0,20.5,Yes,No,Absence,Medium,Medium,December,2007
901,95.0,22.5,Yes,Yes,Presence,Medium,Medium,January,2006
902,100.0,22.0,Yes,Yes,Absence,Medium,Medium,January,2006
903,110.0,22.0,Yes,Yes,Presence,High,Medium,January,2006
904,105.0,22.5,Yes,Yes,Absence,Medium,Medium,January,2006
905,115.0,22.0,Yes,Yes,Presence,Medium,Medium,February,2006
906,120.0,21.5,Yes,Yes,Absence,Medium,Medium,February,2006
907,125.0,21.5,Yes,Yes,Presence,Medium,Medium,February,2006
908,110.0,22.0,Yes,Yes,Absence,High,Medium,February,2006
909,130.0,22.0,Yes,Yes,Presence,Medium,Medium,March,2006
910,125.0,21.5,Yes,Yes,Absence,Medium,Medium,March,2006
911,120.0,21.5,Yes,Yes,Presence,Medium,Medium,March,2006
912,115.0,22.0,Yes,Yes,Absence,Medium,Medium,March,2006
913,110.0,21.5,Yes,No,Presence,Medium,Medium,April,2006
914,115.0,21.0,Yes,No,Absence,Medium,Medium,April,2006
915,105.0,21.5,Yes,No,Presence,Medium,Medium,April,2006
916,100.0,22.0,Yes,No,Absence,Medium,Medium,April,2006
917,35.0,23.5,Yes,Yes,Absence,Medium,High,May,2006
918,30.0,24.0,Yes,Yes,Presence,High,High,May,2006
919,25.0,24.5,Yes,Yes,Absence,Medium,High,May,2006
920,20.0,24.5,Yes,Yes,Absence,High,High,May,2006
921,15.0,25.0,Yes,Yes,Absence,Medium,High,June,2006
922,10.0,25.5,Yes,Yes,Absence,High,High,June,2006
923,8.0,26.0,Yes,Yes,Presence,Medium,High,June,2006
924,6.0,26.5,Yes,Yes,Absence,High,High,June,2006
925,5.0,27.0,Yes,Yes,Absence,Medium,High,July,2006
926,6.0,27.0,Yes,Yes,Absence,High,High,July,2006
927,8.0,26.5,Yes,Yes,Presence,Medium,High,July,2006
928,10.0,26.0,Yes,Yes,Absence,High,High,July,2006
929,12.0,26.0,Yes,Yes,Absence,Medium,Medium,August,2006
930,15.0,25.5,Yes,Yes,Absence,Medium,Medium,August,2006
931,18.0,25.5,Yes,Yes,Presence,Medium,Medium,August,2006
932,20.0,25.0,Yes,Yes,Absence,Medium,Medium,August,2006
933,25.0,25.0,Yes,Yes,Absence,Medium,Medium,September,2006
934,28.0,24.5,Yes,Yes,Absence,Medium,Medium,September,2006
935,30.0,24.0,Yes,Yes,Presence,Medium,Medium,September,2006
936,35.0,24.0,Yes,Yes,Absence,Medium,Medium,September,2006
937,55.0,23.5,Yes,Yes,Presence,Medium,Medium,October,2006
938,60.0,23.0,Yes,Yes,Absence,Medium,Medium,October,2006
939,65.0,23.0,Yes,Yes,Presence,Medium,Medium,October,2006
940,70.0,22.5,Yes,Yes,Absence,Medium,Medium,October,2006
941,90.0,22.5,Yes,Yes,Presence,Medium,Medium,November,2006
942,95.0,22.0,Yes,Yes,Absence,Medium,Medium,November,2006
943,100.0,22.0,Yes,Yes,Presence,Medium,Medium,November,2006
944,105.0,21.5,Yes,Yes,Absence,Medium,Medium,November,2006
945,110.0,21.5,Yes,No,Presence,Medium,Medium,December,2006
946,115.0,21.0,Yes,No,Absence,Medium,Medium,December,2006
947,120.0,21.0,Yes,No,Presence,High,Medium,December,2006
948,125.0,20.5,Yes,No,Absence,Medium,Medium,December,2006
949,100.0,22.0,Yes,Yes,Presence,Medium,Medium,January,2005
950,105.0,22.0,Yes,Yes,Absence,Medium,Medium,January,2005
951,110.0,21.5,Yes,Yes,Presence,Medium,Medium,January,2005
952,95.0,22.5,Yes,Yes,Absence,High,Medium,January,2005
953,115.0,22.0,Yes,Yes,Presence,Medium,Medium,February,2005
954,120.0,21.5,Yes,Yes,Absence,Medium,Medium,February,2005
955,110.0,22.0,Yes,Yes,Presence,Medium,Medium,February,2005
956,105.0,22.0,Yes,Yes,Absence,Medium,Medium,February,2005
957,125.0,22.0,Yes,Yes,Presence,Medium,Medium,March,2005
958,120.0,21.5,Yes,Yes,Absence,Medium,Medium,March,2005
959,115.0,21.5,Yes,Yes,Presence,Medium,Medium,March,2005
960,110.0,22.0,Yes,Yes,Absence,High,Medium,March,2005
961,105.0,21.5,Yes,No,Presence,Medium,Medium,April,2005
962,100.0,21.0,Yes,No,Absence,Medium,Medium,April,2005
963,95.0,21.5,Yes,No,Presence,Medium,Medium,April,2005
964,90.0,22.0,Yes,No,Absence,Medium,Medium,April,2005
965,30.0,23.5,Yes,Yes,Absence,Medium,High,May,2005
966,25.0,24.0,Yes,Yes,Presence,High,High,May,2005
967,20.0,24.5,Yes,Yes,Absence,Medium,High,May,2005
968,15.0,25.0,Yes,Yes,Absence,High,High,May,2005
969,12.0,25.0,Yes,Yes,Absence,Medium,High,June,2005
970,10.0,25.5,Yes,Yes,Absence,High,High,June,2005
971,8.0,26.0,Yes,Yes,Presence,Medium,High,June,2005
972,5.0,26.5,Yes,Yes,Absence,High,High,June,2005
973,6.0,27.0,Yes,Yes,Absence,Medium,High,July,2005
974,8.0,26.5,Yes,Yes,Absence,High,High,July,2005
975,10.0,26.0,Yes,Yes,Presence,Medium,High,July,2005
976,12.0,26.0,Yes,Yes,Absence,High,High,July,2005
977,15.0,25.5,Yes,Yes,Absence,Medium,Medium,August,2005
978,18.0,25.0,Yes,Yes,Presence,Medium,Medium,August,2005
979,20.0,25.0,Yes,Yes,Absence,Medium,Medium,August,2005
980,22.0,24.5,Yes,Yes,Absence,Medium,Medium,August,2005
981,25.0,24.5,Yes,Yes,Absence,Medium,Medium,September,2005
982,28.0,24.0,Yes,Yes,Presence,Medium,Medium,September,2005
983,30.0,24.0,Yes,Yes,Absence,Medium,Medium,September,2005
984,35.0,23.5,Yes,Yes,Absence,Medium,Medium,September,2005
985,55.0,23.0,Yes,Yes,Presence,Medium,Medium,October,2005
986,60.0,22.5,Yes,Yes,Absence,Medium,Medium,October,2005
987,65.0,22.5,Yes,Yes,Presence,Medium,Medium,October,2005
988,70.0,22.0,Yes,Yes,Absence,Medium,Medium,October,2005
989,85.0,22.0,Yes,Yes,Presence,Medium,Medium,November,2005
990,90.0,21.5,Yes,Yes,Absence,Medium,Medium,November,2005
991,95.0,21.5,Yes,Yes,Presence,Medium,Medium,November,2005
992,100.0,21.0,Yes,Yes,Absence,Medium,Medium,November,2005
993,105.0,21.0,Yes,No,Presence,Medium,Medium,December,2005
994,110.0,20.5,Yes,No,Absence,Medium,Medium,December,2005
995,115.0,20.5,Yes,No,Presence,High,Medium,December,2005
996,120.0,20.0,Yes,No,Absence,Medium,Medium,December,2005
997,125.0,20.0,Yes,No,Presence,Medium,Medium,December,2005
998,130.0,19.5,Yes,No,Absence,Medium,Medium,December,2005
999,135.0,19.5,Yes,No,Presence,Medium,Medium,December,2005
1000,140.0,19.0,Yes,No,Absence,Medium,Medium,December,2005
1001,95.0,22.0,Yes,Yes,Presence,Medium,Medium,January,2004
1002,105.0,21.5,Yes,Yes,Absence,Medium,Medium,January,2004
1003,110.0,22.0,Yes,Yes,Presence,Medium,Medium,January,2004
1004,100.0,22.0,Yes,Yes,Absence,High,Medium,January,2004
1005,115.0,22.0,Yes,Yes,Presence,Medium,Medium,February,2004
1006,120.0,21.5,Yes,Yes,Absence,Medium,Medium,February,2004
1007,125.0,21.5,Yes,Yes,Presence,Medium,Medium,February,2004
1008,110.0,22.0,Yes,Yes,Absence,Medium,Medium,February,2004
1009,130.0,22.0,Yes,Yes,Presence,Medium,Medium,March,2004
1010,125.0,21.5,Yes,Yes,Absence,Medium,Medium,March,2004
1011,115.0,21.5,Yes,Yes,Presence,Medium,Medium,March,2004
1012,110.0,22.0,Yes,Yes,Absence,High,Medium,March,2004
1013,105.0,21.5,Yes,No,Presence,Medium,Medium,April,2004
1014,100.0,21.0,Yes,No,Absence,Medium,Medium,April,2004
1015,95.0,21.5,Yes,No,Presence,Medium,Medium,April,2004
1016,90.0,22.0,Yes,No,Absence,Medium,Medium,April,2004
1017,30.0,23.5,Yes,Yes,Absence,Medium,High,May,2004
1018,25.0,24.0,Yes,Yes,Presence,High,High,May,2004
1019,20.0,24.5,Yes,Yes,Absence,Medium,High,May,2004
1020,15.0,25.0,Yes,Yes,Absence,High,High,May,2004
1021,12.0,25.0,Yes,Yes,Absence,Medium,High,June,2004
1022,10.0,25.5,Yes,Yes,Absence,High,High,June,2004
1023,8.0,26.0,Yes,Yes,Presence,Medium,High,June,2004
1024,5.0,26.5,Yes,Yes,Absence,High,High,June,2004
1025,6.0,27.0,Yes,Yes,Absence,Medium,High,July,2004
1026,8.0,26.5,Yes,Yes,Absence,High,High,July,2004
1027,10.0,26.0,Yes,Yes,Presence,Medium,High,July,2004
1028,12.0,26.0,Yes,Yes,Absence,High,High,July,2004
1029,15.0,25.5,Yes,Yes,Absence,Medium,Medium,August,2004
1030,18.0,25.0,Yes,Yes,Presence,Medium,Medium,August,2004
1031,20.0,25.0,Yes,Yes,Absence,Medium,Medium,August,2004
1032,22.0,24.5,Yes,Yes,Absence,Medium,Medium,August,2004
1033,25.0,24.5,Yes,Yes,Absence,Medium,Medium,September,2004
1034,28.0,24.0,Yes,Yes,Presence,Medium,Medium,September,2004
1035,30.0,24.0,Yes,Yes,Absence,Medium,Medium,September,2004
1036,35.0,23.5,Yes,Yes,Absence,Medium,Medium,September,2004
1037,55.0,23.0,Yes,Yes,Presence,Medium,Medium,October,2004
1038,60.0,22.5,Yes,Yes,Absence,Medium,Medium,October,2004
1039,65.0,22.5,Yes,Yes,Presence,Medium,Medium,October,2004
1040,70.0,22.0,Yes,Yes,Absence,Medium,Medium,October,2004
1041,85.0,22.0,Yes,Yes,Presence,Medium,Medium,November,2004
1042,90.0,21.5,Yes,Yes,Absence,Medium,Medium,November,2004
1043,95.0,21.5,Yes,Yes,Presence,Medium,Medium,November,2004
1044,100.0,21.0,Yes,Yes,Absence,Medium,Medium,November,2004
1045,105.0,21.0,Yes,No,Presence,Medium,Medium,December,2004
1046,110.0,20.5,Yes,No,Absence,Medium,Medium,December,2004
1047,115.0,20.5,Yes,No,Presence,High,Medium,December,2004
1048,120.0,20.0,Yes,No,Absence,Medium,Medium,December,2004
1049,180.0,21.5,Yes,Yes,Presence,Medium,Medium,January,2003
1050,200.0,21.0,Yes,Yes,Presence,Medium,Low,January,2003
1051,160.0,22.0,No,Yes,Absence,Low,Medium,January,2003
1052,170.0,21.8,Yes,Yes,Absence,Medium,Medium,January,2003
1053,190.0,21.2,Yes,Yes,Presence,Medium,Low,February,2003
1054,210.0,20.8,No,Yes,Presence,Low,Low,February,2003
1055,175.0,21.5,Yes,Yes,Absence,Low,Medium,February,2003
1056,160.0,22.0,Yes,Yes,Absence,Medium,Medium,February,2003
1057,220.0,20.5,Yes,Yes,Presence,Medium,Low,March,2003
1058,240.0,19.8,Yes,Yes,Presence,Low,Low,March,2003
1059,200.0,20.5,No,Yes,Absence,Low,Medium,March,2003
1060,180.0,21.0,Yes,Yes,Absence,Medium,Medium,March,2003
1061,210.0,20.2,Yes,No,Presence,Medium,Low,April,2003
1062,230.0,19.5,No,No,Presence,Low,Low,April,2003
1063,190.0,20.8,Yes,No,Absence,Low,Medium,April,2003
1064,170.0,21.2,Yes,No,Absence,Medium,Medium,April,2003
1065,35.0,23.5,Yes,Yes,Absence,Medium,High,May,2003
1066,20.0,24.0,Yes,Yes,Absence,High,High,May,2003
1067,15.0,24.5,No,Yes,Absence,High,High,May,2003
1068,10.0,25.0,Yes,Yes,Absence,Medium,High,May,2003
1069,5.0,22.5,Yes,Yes,Absence,High,High,June,2003
1070,0.0,22.0,No,Yes,Absence,High,High,June,2003
1071,0.0,21.8,Yes,Yes,Absence,High,High,June,2003
1072,8.0,22.5,Yes,Yes,Absence,Medium,High,June,2003
1073,12.0,21.0,Yes,Yes,Absence,Medium,High,July,2003
1074,8.0,21.5,No,Yes,Absence,High,High,July,2003
1075,5.0,22.0,Yes,Yes,Absence,Medium,High,July,2003
1076,0.0,22.2,Yes,Yes,Absence,Medium,High,July,2003
1077,2.0,23.0,Yes,No,Absence,Medium,High,August,2003
1078,0.0,23.5,No,No,Absence,High,High,August,2003
1079,3.0,24.0,Yes,No,Absence,Medium,High,August,2003
1080,5.0,24.2,Yes,No,Absence,Medium,High,August,2003
1081,25.0,23.0,Yes,Yes,Absence,High,Medium,September,2003
1082,40.0,22.5,No,Yes,Presence,Medium,Medium,September,2003
1083,30.0,22.8,Yes,Yes,Absence,Medium,Medium,September,2003
1084,20.0,23.5,Yes,Yes,Absence,Low,Medium,September,2003
1085,60.0,22.5,Yes,Yes,Presence,Medium,Medium,October,2003
1086,75.0,22.0,No,Yes,Presence,Low,Low,October,2003
1087,55.0,22.8,Yes,Yes,Absence,Medium,Medium,October,2003
1088,65.0,23.0,Yes,Yes,Absence,Medium,Medium,October,2003
1089,85.0,22.0,Yes,Yes,Presence,Medium,Medium,November,2003
1090,90.0,21.5,No,Yes,Presence,Low,Low,November,2003
1091,70.0,22.2,Yes,Yes,Absence,Medium,Medium,November,2003
1092,60.0,22.8,Yes,Yes,Absence,Medium,Medium,November,2003
1093,100.0,21.5,Yes,No,Presence,Medium,Low,December,2003
1094,110.0,21.0,Yes,No,Absence,Low,Low,December,2003
1095,95.0,21.8,No,No,Absence,Low,Medium,December,2003
1096,120.0,21.2,Yes,No,Presence,Medium,Low,December,2003
1097,180.0,21.5,Yes,Yes,Presence,Medium,Medium,January,2002
1098,200.0,21.0,Yes,Yes,Presence,Medium,Low,January,2002
1099,160.0,22.0,No,Yes,Absence,Low,Medium,January,2002
1100,170.0,21.8,Yes,Yes,Absence,Medium,Medium,January,2002
1101,190.0,21.2,Yes,Yes,Presence,Medium,Low,February,2002
1102,210.0,20.8,No,Yes,Presence,Low,Low,February,2002
1103,175.0,21.5,Yes,Yes,Absence,Low,Medium,February,2002
1104,160.0,22.0,Yes,Yes,Absence,Medium,Medium,February,2002
1105,220.0,20.5,Yes,Yes,Presence,Medium,Low,March,2002
1106,240.0,19.8,Yes,Yes,Presence,Low,Low,March,2002
1107,200.0,20.5,No,Yes,Absence,Low,Medium,March,2002
1108,180.0,21.0,Yes,Yes,Absence,Medium,Medium,March,2002
1109,210.0,20.2,Yes,No,Presence,Medium,Low,April,2002
1110,230.0,19.5,No,No,Presence,Low,Low,April,2002
1111,190.0,20.8,Yes,No,Absence,Low,Medium,April,2002
1112,170.0,21.2,Yes,No,Absence,Medium,Medium,April,2002
1113,35.0,23.5,Yes,Yes,Absence,Medium,High,May,2002
1114,20.0,24.0,Yes,Yes,Absence,High,High,May,2002
1115,15.0,24.5,No,Yes,Absence,High,High,May,2002
1116,10.0,25.0,Yes,Yes,Absence,Medium,High,May,2002
1117,5.0,22.5,Yes,Yes,Absence,High,High,June,2002
1118,0.0,22.0,No,Yes,Absence,High,High,June,2002
1119,0.0,21.8,Yes,Yes,Absence,High,High,June,2002
1120,8.0,22.5,Yes,Yes,Absence,Medium,High,June,2002
1121,12.0,21.0,Yes,Yes,Absence,Medium,High,July,2002
1122,8.0,21.5,No,Yes,Absence,High,High,July,2002
1123,5.0,22.0,Yes,Yes,Absence,Medium,High,July,2002
1124,0.0,22.2,Yes,Yes,Absence,Medium,High,July,2002
1125,2.0,23.0,Yes,No,Absence,Medium,High,August,2002
1126,0.0,23.5,No,No,Absence,High,High,August,2002
1127,3.0,24.0,Yes,No,Absence,Medium,High,August,2002
1128,5.0,24.2,Yes,No,Absence,Medium,High,August,2002
1129,25.0,23.0,Yes,Yes,Absence,High,Medium,September,2002
1130,40.0,22.5,No,Yes,Presence,Medium,Medium,September,2002
1131,30.0,22.8,Yes,Yes,Absence,Medium,Medium,September,2002
1132,20.0,23.5,Yes,Yes,Absence,Low,Medium,September,2002
1133,60.0,22.5,Yes,Yes,Presence,Medium,Medium,October,2002
1134,75.0,22.0,No,Yes,Presence,Low,Low,October,2002
1135,55.0,22.8,Yes,Yes,Absence,Medium,Medium,October,2002
1136,65.0,23.0,Yes,Yes,Absence,Medium,Medium,October,2002
1137,85.0,22.0,Yes,Yes,Presence,Medium,Medium,November,2002
1138,90.0,21.5,No,Yes,Presence,Low,Low,November,2002
1139,70.0,22.2,Yes,Yes,Absence,Medium,Medium,November,2002
1140,60.0,22.8,Yes,Yes,Absence,Medium,Medium,November,2002
1141,100.0,21.5,Yes,No,Presence,Medium,Low,December,2002
1142,110.0,21.0,Yes,No,Absence,Low,Low,December,2002
1143,95.0,21.8,No,No,Absence,Low,Medium,December,2002
1144,120.0,21.2,Yes,No,Presence,Medium,Low,December,2002
1145,185.0,21.5,Yes,Yes,Presence,Medium,Medium,January,2001
1146,200.0,21.0,Yes,Yes,Presence,Medium,Low,January,2001
1147,160.0,22.0,No,Yes,Absence,Low,Medium,January,2001
1148,170.0,21.8,Yes,Yes,Absence,Medium,Medium,January,2001
1149,190.0,21.2,Yes,Yes,Presence,Medium,Low,February,2001
1150,210.0,20.8,No,Yes,Presence,Low,Low,February,2001
1151,175.0,21.5,Yes,Yes,Absence,Low,Medium,February,2001
1152,160.0,22.0,Yes,Yes,Absence,Medium,Medium,February,2001
1153,220.0,20.5,Yes,Yes,Presence,Medium,Low,March,2001
1154,240.0,19.8,Yes,Yes,Presence,Low,Low,March,2001
1155,200.0,20.5,No,Yes,Absence,Low,Medium,March,2001
1156,180.0,21.0,Yes,Yes,Absence,Medium,Medium,March,2001
1157,210.0,20.2,Yes,No,Presence,Medium,Low,April,2001
1158,230.0,19.5,No,No,Presence,Low,Low,April,2001
1159,190.0,20.8,Yes,No,Absence,Low,Medium,April,2001
1160,170.0,21.2,Yes,No,Absence,Medium,Medium,April,2001
1161,35.0,23.5,Yes,Yes,Absence,Medium,High,May,2001
1162,20.0,24.0,Yes,Yes,Absence,High,High,May,2001
1163,15.0,24.5,No,Yes,Absence,High,High,May,2001
1164,10.0,25.0,Yes,Yes,Absence,Medium,High,May,2001
1165,5.0,22.5,Yes,Yes,Absence,High,High,June,2001
1166,0.0,22.0,No,Yes,Absence,High,High,June,2001
1167,0.0,21.8,Yes,Yes,Absence,High,High,June,2001
1168,8.0,22.5,Yes,Yes,Absence,Medium,High,June,2001
1169,12.0,21.0,Yes,Yes,Absence,Medium,High,July,2001
1170,8.0,21.5,No,Yes,Absence,High,High,July,2001
1171,5.0,22.0,Yes,Yes,Absence,Medium,High,July,2001
1172,0.0,22.2,Yes,Yes,Absence,Medium,High,July,2001
1173,2.0,23.0,Yes,No,Absence,Medium,High,August,2001
1174,0.0,23.5,No,No,Absence,High,High,August,2001
1175,3.0,24.0,Yes,No,Absence,Medium,High,August,2001
1176,5.0,24.2,Yes,No,Absence,Medium,High,August,2001
1177,25.0,23.0,Yes,Yes,Absence,High,Medium,September,2001
1178,40.0,22.5,No,Yes,Presence,Medium,Medium,September,2001
1179,30.0,22.8,Yes,Yes,Absence,Medium,Medium,September,2001
1180,20.0,23.5,Yes,Yes,Absence,Low,Medium,September,2001
1181,60.0,22.5,Yes,Yes,Presence,Medium,Medium,October,2001
1182,75.0,22.0,No,Yes,Presence,Low,Low,October,2001
1183,55.0,22.8,Yes,Yes,Absence,Medium,Medium,October,2001
1184,65.0,23.0,Yes,Yes,Absence,Medium,Medium,October,2001
1185,85.0,22.0,Yes,Yes,Presence,Medium,Medium,November,2001
1186,90.0,21.5,No,Yes,Presence,Low,Low,November,2001
1187,70.0,22.2,Yes,Yes,Absence,Medium,Medium,November,2001
1188,60.0,22.8,Yes,Yes,Absence,Medium,Medium,November,2001
1189,100.0,21.5,Yes,No,Presence,Medium,Low,December,2001
1190,110.0,21.0,Yes,No,Absence,Low,Low,December,2001
1191,95.0,21.8,No,No,Absence,Low,Medium,December,2001
1192,120.0,21.2,Yes,No,Presence,Medium,Low,December,2001
1193,215.0,21.0,Yes,Yes,Presence,High,High,January,2000
1194,220.0,20.8,Yes,Yes,Presence,High,High,January,2000
1195,225.0,20.5,No,Yes,Presence,High,High,January,2000
1196,230.0,20.3,Yes,Yes,Presence,High,High,January,2000
1197,210.0,20.5,Yes,Yes,Presence,High,High,February,2000
1198,215.0,20.3,Yes,Yes,Presence,High,High,February,2000
1199,220.0,20.0,No,Yes,Presence,High,High,February,2000
1200,225.0,19.8,Yes,Yes,Presence,High,High,February,2000
1201,230.0,19.5,Yes,Yes,Presence,High,High,March,2000
1202,235.0,19.3,Yes,Yes,Presence,High,High,March,2000
1203,240.0,19.0,No,Yes,Presence,High,High,March,2000
1204,245.0,18.8,Yes,Yes,Presence,High,High,March,2000
1205,250.0,18.5,Yes,No,Presence,High,Medium,April,2000
1206,255.0,18.3,Yes,No,Presence,High,Medium,April,2000
1207,260.0,18.0,No,No,Presence,High,Medium,April,2000
1208,265.0,17.8,Yes,No,Presence,High,Medium,April,2000
1209,10.0,22.0,Yes,Yes,Absence,Medium,High,May,2000
1210,5.0,22.5,Yes,Yes,Absence,High,High,May,2000
1211,0.0,23.0,No,Yes,Absence,High,High,May,2000
1212,0.0,23.5,Yes,Yes,Absence,High,High,May,2000
1213,0.0,21.5,Yes,Yes,Absence,High,High,June,2000
1214,0.0,21.3,No,Yes,Absence,High,High,June,2000
1215,0.0,21.0,Yes,Yes,Absence,High,High,June,2000
1216,0.0,20.8,Yes,Yes,Absence,High,High,June,2000
1217,0.0,20.5,Yes,Yes,Absence,High,High,July,2000
1218,0.0,20.3,No,Yes,Absence,High,High,July,2000
1219,0.0,20.0,Yes,Yes,Absence,High,High,July,2000
1220,0.0,19.8,Yes,Yes,Absence,High,High,July,2000
1221,0.0,19.5,Yes,No,Absence,High,High,August,2000
1222,0.0,19.3,No,No,Absence,High,High,August,2000
1223,0.0,19.0,Yes,No,Absence,High,High,August,2000
1224,0.0,18.8,Yes,No,Absence,High,High,August,2000
1225,0.0,20.5,Yes,Yes,Absence,High,High,September,2000
1226,0.0,21.0,No,Yes,Absence,High,High,September,2000
1227,0.0,21.3,Yes,Yes,Absence,High,High,September,2000
1228,0.0,21.5,Yes,Yes,Absence,High,High,September,2000
1229,0.0,22.0,Yes,Yes,Absence,High,High,October,2000
1230,0.0,22.5,No,Yes,Absence,High,High,October,2000
1231,0.0,23.0,Yes,Yes,Absence,High,High,October,2000
1232,0.0,23.5,Yes,Yes,Absence,High,High,October,2000
1233,15.0,22.0,Yes,Yes,Presence,High,Medium,November,2000
1234,20.0,21.8,No,Yes,Presence,High,Medium,November,2000
1235,25.0,21.5,Yes,Yes,Presence,High,Medium,November,2000
1236,30.0,21.3,Yes,Yes,Presence,High,Medium,November,2000
1237,35.0,21.0,Yes,No,Presence,Medium,Medium,December,2000
1238,40.0,20.8,No,No,Presence,Medium,Medium,December,2000
1239,45.0,20.5,Yes,No,Presence,Medium,Medium,December,2000
1240,50.0,20.3,Yes,No,Presence,Medium,Medium,December,2000
1241,0.0,24.0,Yes,Yes,Absence,Medium,High,January,1999
1242,0.0,24.5,Yes,Yes,Absence,Medium,High,January,1999
1243,0.0,25.0,No,Yes,Absence,Medium,High,January,1999
1244,0.0,25.2,Yes,Yes,Absence,Medium,High,January,1999
1245,0.0,25.5,Yes,Yes,Absence,High,High,February,1999
1246,5.0,25.0,No,Yes,Absence,High,High,February,1999
1247,5.0,24.8,Yes,Yes,Absence,High,High,February,1999
1248,0.0,24.5,Yes,Yes,Absence,High,High,February,1999
1249,30.0,23.5,Yes,Yes,Presence,High,Medium,March,1999
1250,40.0,23.0,No,Yes,Presence,Medium,Medium,March,1999
1251,45.0,22.8,Yes,Yes,Presence,Medium,Medium,March,1999
1252,50.0,22.5,Yes,Yes,Presence,Medium,Medium,March,1999
1253,120.0,21.5,Yes,No,Presence,Medium,Medium,April,1999
1254,130.0,21.0,No,No,Presence,Medium,Medium,April,1999
1255,125.0,20.8,Yes,No,Presence,Medium,Medium,April,1999
1256,140.0,20.5,Yes,No,Presence,Medium,Medium,April,1999
1257,110.0,21.2,Yes,Yes,Presence,Medium,Medium,May,1999
1258,100.0,21.5,No,Yes,Presence,Medium,Medium,May,1999
1259,95.0,21.8,Yes,Yes,Presence,Medium,Medium,May,1999
1260,90.0,22.0,Yes,Yes,Presence,Medium,Medium,May,1999
1261,70.0,22.5,Yes,Yes,Presence,Medium,Medium,June,1999
1262,65.0,22.8,No,Yes,Presence,Medium,Medium,June,1999
1263,60.0,23.0,Yes,Yes,Absence,Medium,Medium,June,1999
1264,55.0,23.2,Yes,Yes,Absence,Medium,Medium,June,1999
1265,10.0,24.0,Yes,Yes,Absence,Medium,High,July,1999
1266,5.0,24.2,No,Yes,Absence,Medium,High,July,1999
1267,0.0,24.5,Yes,Yes,Absence,Medium,High,July,1999
1268,0.0,24.8,Yes,Yes,Absence,Medium,High,July,1999
1269,0.0,25.0,Yes,Yes,Absence,High,High,August,1999
1270,0.0,25.2,No,Yes,Absence,High,High,August,1999
1271,5.0,25.5,Yes,Yes,Absence,High,High,August,1999
1272,0.0,25.8,Yes,Yes,Absence,High,High,August,1999
1273,0.0,24.5,Yes,Yes,Absence,High,High,September,1999
1274,0.0,24.8,No,Yes,Absence,High,High,September,1999
1275,5.0,25.0,Yes,Yes,Absence,High,High,September,1999
1276,0.0,25.2,Yes,Yes,Absence,High,High,September,1999
1277,0.0,24.8,Yes,Yes,Absence,Medium,High,October,1999
1278,5.0,25.0,No,Yes,Absence,Medium,High,October,1999
1279,0.0,25.2,Yes,Yes,Absence,Medium,High,October,1999
1280,0.0,25.5,Yes,Yes,Absence,Medium,High,October,1999
1281,20.0,23.5,Yes,Yes,Presence,Medium,Medium,November,1999
1282,25.0,23.0,No,Yes,Presence,Medium,Medium,November,1999
1283,30.0,22.8,Yes,Yes,Presence,Medium,Medium,November,1999
1284,35.0,22.5,Yes,Yes,Presence,Medium,Medium,November,1999
1285,40.0,22.0,Yes,No,Presence,Medium,Medium,December,1999
1286,45.0,21.8,No,No,Presence,Medium,Medium,December,1999
1287,50.0,21.5,Yes,No,Presence,Medium,Medium,December,1999
1288,55.0,21.3,Yes,No,Presence,Medium,Medium,December,1999
1289,0.0,24.0,Yes,Yes,Absence,Medium,High,January,1998
1290,0.0,24.2,Yes,Yes,Absence,Medium,High,January,1998
1291,0.0,24.5,No,Yes,Absence,Medium,High,January,1998
1292,0.0,24.8,Yes,Yes,Absence,Medium,High,January,1998
1293,0.0,25.0,Yes,Yes,Absence,High,High,February,1998
1294,5.0,25.2,No,Yes,Absence,High,High,February,1998
1295,0.0,25.5,Yes,Yes,Absence,High,High,February,1998
1296,0.0,25.8,Yes,Yes,Absence,High,High,February,1998
1297,25.0,23.5,Yes,Yes,Presence,High,Medium,March,1998
1298,35.0,23.0,No,Yes,Presence,Medium,Medium,March,1998
1299,40.0,22.8,Yes,Yes,Presence,Medium,Medium,March,1998
1300,45.0,22.5,Yes,Yes,Presence,Medium,Medium,March,1998
1301,120.0,21.5,Yes,No,Presence,Medium,Medium,April,1998
1302,125.0,21.0,No,No,Presence,Medium,Medium,April,1998
1303,130.0,20.8,Yes,No,Presence,Medium,Medium,April,1998
1304,140.0,20.5,Yes,No,Presence,Medium,Medium,April,1998
1305,110.0,21.2,Yes,Yes,Presence,Medium,Medium,May,1998
1306,100.0,21.5,No,Yes,Presence,Medium,Medium,May,1998
1307,95.0,21.8,Yes,Yes,Presence,Medium,Medium,May,1998
1308,90.0,22.0,Yes,Yes,Presence,Medium,Medium,May,1998
1309,70.0,22.5,Yes,Yes,Presence,Medium,Medium,June,1998
1310,65.0,22.8,No,Yes,Presence,Medium,Medium,June,1998
1311,60.0,23.0,Yes,Yes,Absence,Medium,Medium,June,1998
1312,55.0,23.2,Yes,Yes,Absence,Medium,Medium,June,1998
1313,10.0,24.0,Yes,Yes,Absence,Medium,High,July,1998
1314,5.0,24.2,No,Yes,Absence,Medium,High,July,1998
1315,0.0,24.5,Yes,Yes,Absence,Medium,High,July,1998
1316,0.0,24.8,Yes,Yes,Absence,Medium,High,July,1998
1317,0.0,25.0,Yes,Yes,Absence,High,High,August,1998
1318,0.0,25.2,No,Yes,Absence,High,High,August,1998
1319,5.0,25.5,Yes,Yes,Absence,High,High,August,1998
1320,0.0,25.8,Yes,Yes,Absence,High,High,August,1998
1321,40.0,23.5,Yes,Yes,Presence,Medium,Medium,September,1998
1322,45.0,23.2,No,Yes,Presence,Medium,Medium,September,1998
1323,50.0,23.0,Yes,Yes,Presence,Medium,Medium,September,1998
1324,55.0,22.8,Yes,Yes,Presence,Medium,Medium,September,1998
1325,90.0,22.5,Yes,Yes,Presence,Medium,Medium,October,1998
1326,95.0,22.2,No,Yes,Presence,Medium,Medium,October,1998
1327,100.0,22.0,Yes,Yes,Presence,Medium,Medium,October,1998
1328,105.0,21.8,Yes,Yes,Presence,Medium,Medium,October,1998
1329,80.0,22.0,Yes,Yes,Presence,Medium,Medium,November,1998
1330,70.0,22.2,No,Yes,Presence,Medium,Medium,November,1998
1331,60.0,22.5,Yes,Yes,Presence,Medium,Medium,November,1998
1332,55.0,22.8,Yes,Yes,Absence,Medium,Medium,November,1998
1333,10.0,24.0,Yes,No,Absence,Medium,High,December,1998
1334,5.0,24.2,No,No,Absence,Medium,High,December,1998
1335,0.0,24.5,Yes,No,Absence,Medium,High,December,1998
1336,0.0,24.8,Yes,No,Absence,Medium,High,December,1998
1337,15.0,24.5,Yes,Yes,Absence,Medium,High,January,1997
1338,10.0,25.0,No,Yes,Absence,High,High,January,1997
1339,20.0,24.8,Yes,Yes,Absence,Medium,High,January,1997
1340,15.0,24.7,Yes,Yes,Absence,Medium,High,January,1997
1341,20.0,25.0,Yes,Yes,Presence,Medium,Medium,February,1997
1342,25.0,25.2,No,Yes,Presence,Medium,Medium,February,1997
1343,30.0,24.9,Yes,Yes,Absence,Medium,Medium,February,1997
1344,25.0,24.8,Yes,Yes,Absence,Medium,Medium,February,1997
1345,50.0,23.5,Yes,Yes,Presence,Medium,Medium,March,1997
1346,60.0,23.2,No,Yes,Presence,Medium,Medium,March,1997
1347,55.0,23.0,Yes,Yes,Presence,Medium,Medium,March,1997
1348,65.0,22.8,Yes,Yes,Presence,Medium,Medium,March,1997
1349,120.0,21.5,Yes,No,Presence,Medium,Medium,April,1997
1350,130.0,21.2,No,No,Presence,Medium,Medium,April,1997
1351,140.0,21.0,Yes,No,Presence,Medium,Medium,April,1997
1352,125.0,21.3,Yes,No,Presence,Medium,Medium,April,1997
1353,90.0,22.0,Yes,Yes,Presence,Medium,Medium,May,1997
1354,85.0,22.5,No,Yes,Presence,Medium,Medium,May,1997
1355,80.0,22.8,Yes,Yes,Presence,Medium,Medium,May,1997
1356,75.0,23.0,Yes,Yes,Absence,Medium,Medium,May,1997
1357,40.0,22.5,Yes,Yes,Presence,Medium,Medium,June,1997
1358,35.0,22.8,No,Yes,Presence,Medium,Medium,June,1997
1359,30.0,23.0,Yes,Yes,Absence,Medium,Medium,June,1997
1360,25.0,23.2,Yes,Yes,Absence,Medium,Medium,June,1997
1361,15.0,23.5,Yes,Yes,Absence,Medium,High,July,1997
1362,10.0,24.0,No,Yes,Absence,Medium,High,July,1997
1363,10.0,24.2,Yes,Yes,Absence,Medium,High,July,1997
1364,5.0,24.5,Yes,Yes,Absence,Medium,High,July,1997
1365,5.0,24.8,Yes,Yes,Absence,Medium,High,August,1997
1366,10.0,24.5,No,Yes,Absence,Medium,High,August,1997
1367,15.0,24.3,Yes,Yes,Absence,Medium,High,August,1997
1368,20.0,24.0,Yes,Yes,Presence,Medium,Medium,August,1997
1369,40.0,23.5,Yes,Yes,Presence,Medium,Medium,September,1997
1370,45.0,23.2,No,Yes,Presence,Medium,Medium,September,1997
1371,50.0,23.0,Yes,Yes,Presence,Medium,Medium,September,1997
1372,55.0,22.8,Yes,Yes,Presence,Medium,Medium,September,1997
1373,90.0,22.5,Yes,Yes,Presence,Medium,Medium,October,1997
1374,95.0,22.2,No,Yes,Presence,Medium,Medium,October,1997
1375,100.0,22.0,Yes,Yes,Presence,Medium,Medium,October,1997
1376,105.0,21.8,Yes,Yes,Presence,Medium,Medium,October,1997
1377,80.0,22.0,Yes,Yes,Presence,Medium,Medium,November,1997
1378,70.0,22.2,No,Yes,Presence,Medium,Medium,November,1997
1379,60.0,22.5,Yes,Yes,Presence,Medium,Medium,November,1997
1380,55.0,22.8,Yes,Yes,Absence,Medium,Medium,November,1997
1381,10.0,24.0,Yes,No,Absence,Medium,High,December,1997
1382,5.0,24.2,No,No,Absence,Medium,High,December,1997
1383,0.0,24.5,Yes,No,Absence,Medium,High,December,1997
1384,0.0,24.8,Yes,No,Absence,Medium,High,December,1997
1385,10.0,25.0,Yes,Yes,Absence,Medium,High,January,1996
1386,15.0,25.2,No,Yes,Absence,Medium,High,January,1996
1387,12.0,24.8,Yes,Yes,Absence,Medium,High,January,1996
1388,8.0,25.1,Yes,Yes,Absence,Medium,High,January,1996
1389,15.0,25.3,Yes,Yes,Absence,Medium,High,February,1996
1390,18.0,25.5,No,Yes,Absence,Medium,High,February,1996
1391,20.0,25.2,Yes,Yes,Presence,Medium,Medium,February,1996
1392,22.0,25.0,Yes,Yes,Presence,Medium,Medium,February,1996
1393,50.0,23.5,Yes,Yes,Presence,Medium,Medium,March,1996
1394,60.0,23.0,No,Yes,Presence,Medium,Medium,March,1996
1395,55.0,22.8,Yes,Yes,Presence,Medium,Medium,March,1996
1396,65.0,22.5,Yes,Yes,Presence,Medium,Medium,March,1996
1397,120.0,21.5,Yes,No,Presence,Medium,Medium,April,1996
1398,130.0,21.2,No,No,Presence,Medium,Medium,April,1996
1399,140.0,21.0,Yes,No,Presence,Medium,Medium,April,1996
1400,125.0,21.3,Yes,No,Presence,Medium,Medium,April,1996
1401,90.0,22.0,Yes,Yes,Presence,Medium,Medium,May,1996
1402,85.0,22.5,No,Yes,Presence,Medium,Medium,May,1996
1403,80.0,22.8,Yes,Yes,Presence,Medium,Medium,May,1996
1404,75.0,23.0,Yes,Yes,Absence,Medium,Medium,May,1996
1405,40.0,22.5,Yes,Yes,Presence,Medium,Medium,June,1996
1406,35.0,22.8,No,Yes,Presence,Medium,Medium,June,1996
1407,30.0,23.0,Yes,Yes,Absence,Medium,Medium,June,1996
1408,25.0,23.2,Yes,Yes,Absence,Medium,Medium,June,1996
1409,15.0,23.5,Yes,Yes,Absence,Medium,High,July,1996
1410,10.0,24.0,No,Yes,Absence,Medium,High,July,1996
1411,12.0,24.2,Yes,Yes,Absence,Medium,High,July,1996
1412,8.0,24.5,Yes,Yes,Absence,Medium,High,July,1996
1413,5.0,24.8,Yes,Yes,Absence,Medium,High,August,1996
1414,10.0,24.5,No,Yes,Absence,Medium,High,August,1996
1415,15.0,24.3,Yes,Yes,Absence,Medium,High,August,1996
1416,20.0,24.0,Yes,Yes,Presence,Medium,Medium,August,1996
1417,40.0,23.5,Yes,Yes,Presence,Medium,Medium,September,1996
1418,45.0,23.2,No,Yes,Presence,Medium,Medium,September,1996
1419,50.0,23.0,Yes,Yes,Presence,Medium,Medium,September,1996
1420,55.0,22.8,Yes,Yes,Presence,Medium,Medium,September,1996
1421,90.0,22.5,Yes,Yes,Presence,Medium,Medium,October,1996
1422,95.0,22.2,No,Yes,Presence,Medium,Medium,October,1996
1423,100.0,22.0,Yes,Yes,Presence,Medium,Medium,October,1996
1424,105.0,21.8,Yes,Yes,Presence,Medium,Medium,October,1996
1425,80.0,22.0,Yes,Yes,Presence,Medium,Medium,November,1996
1426,70.0,22.2,No,Yes,Presence,Medium,Medium,November,1996
1427,60.0,22.5,Yes,Yes,Presence,Medium,Medium,November,1996
1428,55.0,22.8,Yes,Yes,Absence,Medium,Medium,November,1996
1429,10.0,24.0,Yes,No,Absence,Medium,High,December,1996
1430,5.0,24.2,No,No,Absence,Medium,High,December,1996
1431,0.0,24.5,Yes,No,Absence,Medium,High,December,1996
1432,0.0,24.8,Yes,No,Absence,Medium,High,December,1996
1433,10.0,25.0,Yes,Yes,Absence,Medium,High,January,1995
1434,12.0,25.2,No,Yes,Absence,Medium,High,January,1995
1435,8.0,24.8,Yes,Yes,Absence,Medium,High,January,1995
1436,15.0,25.1,Yes,Yes,Absence,Medium,High,January,1995
1437,18.0,25.3,Yes,Yes,Absence,Medium,High,February,1995
1438,20.0,25.5,No,Yes,Absence,Medium,High,February,1995
1439,22.0,25.2,Yes,Yes,Presence,Medium,Medium,February,1995
1440,25.0,25.0,Yes,Yes,Presence,Medium,Medium,February,1995
1441,50.0,23.5,Yes,Yes,Presence,Medium,Medium,March,1995
1442,55.0,23.0,No,Yes,Presence,Medium,Medium,March,1995
1443,60.0,22.8,Yes,Yes,Presence,Medium,Medium,March,1995
1444,65.0,22.5,Yes,Yes,Presence,Medium,Medium,March,1995
1445,120.0,21.5,Yes,No,Presence,Medium,Medium,April,1995
1446,130.0,21.2,No,No,Presence,Medium,Medium,April,1995
1447,140.0,21.0,Yes,No,Presence,Medium,Medium,April,1995
1448,125.0,21.3,Yes,No,Presence,Medium,Medium,April,1995
1449,90.0,22.0,Yes,Yes,Presence,Medium,Medium,May,1995
1450,85.0,22.5,No,Yes,Presence,Medium,Medium,May,1995
1451,80.0,22.8,Yes,Yes,Presence,Medium,Medium,May,1995
1452,75.0,23.0,Yes,Yes,Absence,Medium,Medium,May,1995
1453,40.0,22.5,Yes,Yes,Presence,Medium,Medium,June,1995
1454,35.0,22.8,No,Yes,Presence,Medium,Medium,June,1995
1455,30.0,23.0,Yes,Yes,Absence,Medium,Medium,June,1995
1456,25.0,23.2,Yes,Yes,Absence,Medium,Medium,June,1995
1457,15.0,23.5,Yes,Yes,Absence,Medium,High,July,1995
1458,10.0,24.0,No,Yes,Absence,Medium,High,July,1995
1459,12.0,24.2,Yes,Yes,Absence,Medium,High,July,1995
1460,8.0,24.5,Yes,Yes,Absence,Medium,High,July,1995
1461,5.0,24.8,Yes,Yes,Absence,Medium,High,August,1995
1462,10.0,24.5,No,Yes,Absence,Medium,High,August,1995
1463,15.0,24.3,Yes,Yes,Absence,Medium,High,August,1995
1464,20.0,24.0,Yes,Yes,Presence,Medium,Medium,August,1995
1465,40.0,23.5,Yes,Yes,Presence,Medium,Medium,September,1995
1466,45.0,23.2,No,Yes,Presence,Medium,Medium,September,1995
1467,50.0,23.0,Yes,Yes,Presence,Medium,Medium,September,1995
1468,55.0,22.8,Yes,Yes,Presence,Medium,Medium,September,1995
1469,90.0,22.5,Yes,Yes,Presence,Medium,Medium,October,1995
1470,95.0,22.2,No,Yes,Presence,Medium,Medium,October,1995
1471,100.0,22.0,Yes,Yes,Presence,Medium,Medium,October,1995
1472,105.0,21.8,Yes,Yes,Presence,Medium,Medium,October,1995
1473,80.0,22.0,Yes,Yes,Presence,Medium,Medium,November,1995
1474,70.0,22.2,No,Yes,Presence,Medium,Medium,November,1995
1475,60.0,22.5,Yes,Yes,Presence,Medium,Medium,November,1995
1476,55.0,22.8,Yes,Yes,Absence,Medium,Medium,November,1995
1477,10.0,24.0,Yes,No,Absence,Medium,High,December,1995
1478,5.0,24.2,No,No,Absence,Medium,High,December,1995
1479,0.0,24.5,Yes,No,Absence,Medium,High,December,1995
1480,0.0,24.8,Yes,No,Absence,Medium,High,December,1995
